pickup_datetime,dropoff_datetime,passenger_count,trip_distance,fare_amount,tip_amount,total_amount,payment_type,pickup_location_id,dropoff_location_id
2015-01-15 19:05:39,2015-01-15 19:23:42,1,1.59,12.0,3.25,17.05,Credit card,,
2015-01-10 20:33:38,2015-01-10 20:53:28,1,3.3,14.5,2.0,17.8,Credit card,,
2015-01-10 20:33:38,2015-01-10 20:43:41,1,1.8,9.5,0.0,10.8,Cash,,
2015-01-10 20:33:39,2015-01-10 20:35:31,1,0.5,3.5,0.0,4.8,Cash,,
2015-01-10 20:33:39,2015-01-10 20:52:58,1,3.0,15.0,0.0,16.3,Cash,,
2015-01-10 20:33:39,2015-01-10 20:53:52,1,9.0,27.0,6.7,40.33,Credit card,,
2015-01-10 20:33:39,2015-01-10 20:58:31,1,2.2,14.0,0.0,15.3,Cash,,
2015-01-10 20:33:39,2015-01-10 20:42:20,3,0.8,7.0,1.66,9.96,Credit card,,
2015-01-10 20:33:39,2015-01-10 21:11:35,3,18.2,52.0,0.0,58.13,Cash,,
2015-01-10 20:33:40,2015-01-10 20:40:44,2,0.9,6.5,1.55,9.35,Credit card,,
2015-01-10 20:33:40,2015-01-10 20:41:39,1,0.9,7.0,1.66,9.96,Credit card,,
2015-01-10 20:33:41,2015-01-10 20:43:26,1,1.1,7.5,1.0,9.8,Credit card,,
2015-01-10 20:33:41,2015-01-10 20:35:23,1,0.3,3.0,0.0,4.3,Cash,,
2015-01-10 20:33:41,2015-01-10 21:03:04,1,3.1,19.0,3.0,23.3,Credit card,,
2015-01-10 20:33:41,2015-01-10 20:39:23,1,1.1,6.0,0.0,7.3,Cash,,
2015-01-15 19:05:39,2015-01-15 19:32:00,1,2.38,16.5,4.38,22.68,Credit card,,
2015-01-15 19:05:40,2015-01-15 19:21:00,5,2.83,12.5,0.0,14.3,Cash,,
2015-01-15 19:05:40,2015-01-15 19:28:18,5,8.33,26.0,8.08,41.21,Credit card,,
2015-01-15 19:05:41,2015-01-15 19:20:36,1,2.37,11.5,0.0,13.3,Credit card,,
2015-01-15 19:05:41,2015-01-15 19:20:22,2,7.13,21.5,4.5,27.8,Credit card,,
2015-01-15 19:05:41,2015-01-15 19:31:00,1,3.6,17.5,0.0,19.3,Cash,,
2015-01-15 19:05:41,2015-01-15 19:10:22,1,0.89,5.5,1.62,8.92,Credit card,,
2015-01-15 19:05:41,2015-01-15 19:10:55,1,0.96,5.5,1.3,8.6,Credit card,,
2015-01-15 19:05:41,2015-01-15 19:12:36,2,1.25,6.5,1.5,9.8,Credit card,,
2015-01-15 19:05:41,2015-01-15 19:22:11,5,2.11,11.5,2.5,15.8,Credit card,,
2015-01-15 19:05:41,2015-01-15 19:14:05,5,1.15,7.5,1.7,11.0,Credit card,,
2015-01-15 19:05:42,2015-01-15 19:16:18,1,1.53,9.0,0.0,10.8,Cash,,
2015-01-15 19:05:42,2015-01-15 19:49:07,1,18.06,52.0,6.0,64.13,Credit card,,
2015-01-15 19:05:42,2015-01-15 19:18:33,1,1.76,10.0,2.36,14.16,Credit card,,
2015-01-15 19:05:42,2015-01-15 19:21:40,6,5.19,17.5,3.7,23.0,Credit card,,
2015-01-15 19:05:42,2015-01-15 19:14:23,1,1.38,7.5,1.7,11.0,Credit card,,
2015-01-15 19:05:43,2015-01-15 19:05:44,2,0.01,60.0,0.0,60.3,Credit card,,
2015-01-15 19:05:43,2015-01-15 19:17:43,2,2.23,10.0,2.2,14.0,Credit card,,
2015-01-15 19:05:43,2015-01-15 19:15:17,1,1.56,8.0,1.8,11.6,Credit card,,
2015-01-15 19:05:43,2015-01-15 19:15:09,5,1.57,8.0,1.8,11.6,Credit card,,
2015-01-15 19:05:44,2015-01-15 19:17:44,1,2.92,12.5,2.7,17.0,Credit card,,
2015-01-10 19:12:21,2015-01-10 19:31:33,1,2.9,13.5,0.0,14.3,Cash,,
2015-01-10 19:12:21,2015-01-10 19:46:08,1,16.4,52.0,10.0,62.8,Credit card,,
2015-01-25 00:13:04,2015-01-25 00:13:18,1,0.02,2.5,0.0,3.8,Cash,,
2015-01-25 00:13:05,2015-01-25 00:29:11,1,1.73,11.0,0.0,12.3,Cash,,
2015-01-25 00:13:05,2015-01-25 00:25:43,1,2.25,10.5,2.36,14.16,Credit card,,
2015-01-25 00:13:05,2015-01-25 00:25:50,1,3.53,12.5,0.0,13.8,Cash,,
2015-01-25 00:13:06,2015-01-25 00:23:26,1,2.01,9.5,2.16,12.96,Credit card,,
2015-01-25 00:13:06,2015-01-25 00:24:51,1,3.37,12.5,0.0,13.8,Credit card,,
2015-01-25 00:13:06,2015-01-25 00:22:20,1,1.35,8.0,0.7,10.0,Credit card,,
2015-01-25 00:13:06,2015-01-25 00:18:30,1,1.18,6.0,1.8,9.1,Credit card,,
2015-01-25 00:13:06,2015-01-25 00:21:15,5,2.05,8.5,1.96,11.76,Credit card,,
2015-01-25 00:13:06,2015-01-25 00:34:32,1,3.05,16.5,5.34,23.14,Credit card,,
2015-01-25 00:13:07,2015-01-25 00:27:08,4,3.06,12.5,2.76,16.56,Credit card,,
2015-01-25 00:13:07,2015-01-25 00:15:39,1,0.49,4.0,0.0,5.3,Cash,,
2015-01-25 00:13:07,2015-01-25 00:24:59,1,2.6,11.0,1.5,13.8,Credit card,,
2015-01-25 00:13:07,2015-01-25 00:41:19,1,6.17,24.0,2.7,28.0,Credit card,,
2015-01-25 00:13:08,2015-01-25 00:34:57,1,3.72,16.5,3.56,21.36,Credit card,,
2015-01-25 00:13:08,2015-01-25 00:18:57,1,1.1,6.0,0.0,7.3,Cash,,
2015-01-25 00:13:09,2015-01-25 00:21:38,2,2.63,10.5,2.36,14.16,Credit card,,
2015-01-25 00:13:09,2015-01-25 00:22:51,2,2.22,9.5,2.7,13.5,Credit card,,
2015-01-25 00:13:09,2015-01-25 00:20:30,1,1.79,8.0,2.79,12.09,Credit card,,
2015-01-25 00:13:09,2015-01-25 00:24:28,1,1.14,8.5,1.96,11.76,Credit card,,
2015-01-25 00:13:09,2015-01-25 01:02:40,1,10.2,39.0,0.0,40.3,Cash,,
2015-01-04 13:44:51,2015-01-04 13:53:27,5,1.48,7.5,1.5,9.8,Credit card,,
2015-01-04 13:44:51,2015-01-04 13:45:03,1,0.03,2.5,0.0,3.3,Cash,,
2015-01-04 13:44:52,2015-01-04 13:56:49,1,2.5,11.0,2.35,14.15,Credit card,,
2015-01-04 13:44:52,2015-01-04 13:46:38,1,0.36,3.5,0.0,4.3,Cash,,
2015-01-04 13:44:52,2015-01-04 13:56:58,3,3.14,12.5,2.5,15.8,Credit card,,
2015-01-04 13:44:52,2015-01-04 13:53:17,1,1.14,7.0,1.4,9.2,Credit card,,
2015-01-04 13:44:52,2015-01-04 14:04:23,1,8.98,27.0,0.0,33.13,Credit card,,
2015-01-04 13:44:52,2015-01-04 13:49:03,1,0.85,5.5,0.0,6.3,Cash,,
2015-01-04 13:44:53,2015-01-04 13:49:40,2,0.7,5.0,0.0,5.8,Cash,,
2015-01-04 13:44:53,2015-01-04 13:51:53,3,1.5,7.5,0.0,8.3,Cash,,
2015-01-04 13:44:53,2015-01-04 13:55:07,2,1.26,8.5,0.0,9.3,Cash,,
2015-01-04 13:44:53,2015-01-04 13:51:26,1,1.56,7.0,1.0,8.8,Credit card,,
2015-01-04 13:44:54,2015-01-04 13:53:36,1,1.5,8.0,1.75,10.55,Credit card,,
2015-01-04 13:44:54,2015-01-04 13:50:29,1,1.1,6.5,2.0,9.3,Credit card,,
2015-01-04 13:44:54,2015-01-04 13:47:15,1,0.5,4.0,1.0,5.8,Credit card,,
2015-01-04 13:44:54,2015-01-04 14:02:23,2,8.79,26.0,4.0,36.13,Credit card,,
2015-01-04 13:44:54,2015-01-04 13:53:15,1,1.39,7.5,0.0,8.3,Cash,,
2015-01-15 14:00:41,2015-01-15 14:11:18,1,1.64,8.5,0.0,9.3,Cash,,
2015-01-15 14:00:41,2015-01-15 14:19:26,1,1.53,12.0,0.0,12.8,Cash,,
2015-01-15 14:00:41,2015-01-15 14:31:42,5,7.48,27.0,0.0,27.8,Cash,,
2015-01-15 14:00:41,2015-01-15 14:13:48,1,3.0,12.0,0.0,12.8,Cash,,
2015-01-15 14:00:42,2015-01-15 14:05:01,1,0.67,5.0,1.0,6.8,Credit card,,
2015-01-15 14:00:42,2015-01-15 14:20:40,1,1.51,13.0,2.6,16.4,Credit card,,
2015-01-15 14:00:42,2015-01-15 14:05:16,2,0.85,5.5,0.0,6.3,Cash,,
2015-01-15 14:00:43,2015-01-15 14:58:40,1,15.2,52.0,14.33,72.46,Credit card,,
2015-01-15 14:00:43,2015-01-15 14:41:50,3,9.96,35.5,0.0,36.3,Cash,,
2015-01-15 14:00:44,2015-01-15 14:04:55,1,0.76,5.0,1.0,6.8,Credit card,,
2015-01-15 14:00:44,2015-01-15 14:04:06,1,0.38,4.0,0.0,4.8,Cash,,
2015-01-15 14:00:45,2015-01-15 14:05:40,2,0.63,5.0,1.0,6.8,Credit card,,
2015-01-15 14:00:45,2015-01-15 14:39:09,1,12.63,40.0,12.0,52.8,Credit card,,
2015-01-15 14:00:45,2015-01-15 14:10:24,1,1.2,8.5,0.0,9.3,Cash,,
2015-01-15 14:00:45,2015-01-15 14:16:31,2,1.18,10.5,2.1,13.4,Credit card,,
2015-01-15 14:00:45,2015-01-15 14:47:12,1,10.89,40.5,9.17,55.8,Credit card,,
2015-01-15 14:00:46,2015-01-15 14:41:54,6,10.39,38.0,10.83,54.96,Credit card,,
2015-01-15 14:00:46,2015-01-15 14:33:02,5,2.96,20.5,0.0,21.3,Cash,,
2015-01-15 14:00:46,2015-01-15 14:10:09,1,1.18,8.0,1.6,10.4,Credit card,,
2015-01-15 14:00:46,2015-01-15 14:14:51,1,1.62,10.5,2.1,13.4,Credit card,,
2015-01-15 14:00:47,2015-01-15 14:16:01,1,1.56,10.5,0.0,11.3,Cash,,
2015-01-15 14:00:47,2015-01-15 14:23:36,5,4.96,19.0,0.0,19.8,Cash,,
2015-01-26 12:41:08,2015-01-26 12:48:47,2,1.0,7.0,1.55,9.35,Credit card,,
2015-01-26 12:41:09,2015-01-26 12:55:10,1,4.3,15.5,0.0,16.3,Cash,,
2015-01-26 12:41:09,2015-01-26 12:45:08,1,0.5,4.5,0.0,5.3,Cash,,
2015-01-26 12:41:09,2015-01-26 12:45:39,1,0.8,5.0,0.0,5.8,Cash,,
2015-01-26 12:41:10,2015-01-26 13:05:04,1,1.1,14.5,3.05,18.35,Credit card,,
2015-01-26 12:41:10,2015-01-26 13:00:55,1,2.9,14.0,0.0,14.8,Cash,,
2015-01-26 12:41:11,2015-01-26 12:44:41,1,0.3,4.0,0.0,4.8,Cash,,
2015-01-26 12:41:12,2015-01-26 12:59:47,1,3.5,15.0,3.15,18.95,Credit card,,
2015-01-26 12:41:12,2015-01-26 12:49:49,1,1.2,8.0,0.0,8.8,Cash,,
2015-01-26 12:41:13,2015-01-26 12:51:16,1,1.3,8.0,1.0,9.8,Credit card,,
2015-01-26 12:41:14,2015-01-26 12:52:40,1,1.9,10.0,2.7,13.5,Credit card,,
2015-01-26 12:41:14,2015-01-26 12:48:18,1,1.0,6.5,1.46,8.76,Credit card,,
2015-01-26 12:41:15,2015-01-26 12:59:22,1,8.1,24.5,5.05,30.35,Credit card,,
2015-01-26 12:41:15,2015-01-26 12:46:18,1,1.0,5.5,0.0,6.3,Cash,,
2015-01-26 12:41:15,2015-01-26 12:47:11,2,1.6,7.0,1.95,9.75,Credit card,,
2015-01-26 12:41:16,2015-01-26 12:54:54,1,1.6,10.0,1.0,11.8,Credit card,,
2015-01-26 12:41:17,2015-01-26 13:00:18,1,3.2,14.5,3.05,18.35,Credit card,,
2015-01-26 12:41:18,2015-01-26 12:46:41,1,1.0,6.0,1.0,7.8,Credit card,,
2015-01-26 12:41:19,2015-01-26 12:56:36,1,2.2,12.0,0.0,12.8,Cash,,
2015-01-26 12:41:20,2015-01-26 12:47:38,1,0.7,6.0,0.0,6.8,Cash,,
2015-01-26 12:41:21,2015-01-26 13:07:25,1,4.2,19.5,0.0,20.3,Cash,,
2015-01-26 12:41:21,2015-01-26 13:03:26,2,16.3,60.5,15.3,91.85,Credit card,,
2015-01-07 14:58:06,2015-01-07 15:23:00,1,3.12,17.0,2.22,20.02,Credit card,,
2015-01-15 10:26:13,2015-01-15 10:30:49,1,0.8,5.5,1.0,7.3,Credit card,,
2015-01-15 10:26:14,2015-01-15 10:42:16,1,1.9,12.5,0.0,13.3,Cash,,
2015-01-15 10:26:14,2015-01-15 10:51:03,1,2.6,16.0,3.35,20.15,Credit card,,
2015-01-15 10:26:14,2015-01-15 10:38:13,1,0.8,8.5,1.85,11.15,Credit card,,
2015-01-15 10:26:14,2015-01-15 10:49:00,2,6.8,23.0,4.5,28.3,Credit card,,
2015-01-15 10:26:15,2015-01-15 10:34:40,1,1.3,7.5,1.0,9.3,Credit card,,
2015-01-15 10:26:15,2015-01-15 10:35:33,1,0.7,7.5,0.0,8.3,Cash,,
2015-01-15 10:26:15,2015-01-15 10:33:37,1,0.3,6.0,0.0,6.8,Cash,,
2015-01-15 10:26:15,2015-01-15 10:36:03,1,1.4,8.0,1.2,10.0,Credit card,,
2015-01-15 10:26:16,2015-01-15 10:32:04,1,1.2,6.5,1.45,8.75,Credit card,,
2015-01-15 10:26:16,2015-01-15 11:08:10,2,12.6,40.0,0.0,46.13,Cash,,
2015-01-15 10:26:16,2015-01-15 10:26:42,2,0.0,60.0,15.0,75.3,Credit card,,
2015-01-15 10:26:17,2015-01-15 10:27:28,1,0.0,3.0,0.0,3.8,Cash,,
2015-01-07 14:58:07,2015-01-07 15:05:03,1,1.08,6.5,1.62,8.92,Credit card,,
2015-01-07 14:58:07,2015-01-07 15:10:17,2,1.58,9.5,1.0,11.3,Credit card,,
2015-01-07 14:58:07,2015-01-07 15:04:51,1,0.96,6.5,1.95,9.25,Credit card,,
2015-01-07 14:58:08,2015-01-07 15:02:05,1,0.77,5.0,1.0,6.8,Credit card,,
2015-01-07 14:58:08,2015-01-07 15:06:36,1,0.98,7.0,1.4,9.2,Credit card,,
2015-01-07 14:58:08,2015-01-07 15:02:37,2,0.79,5.0,0.0,5.8,Cash,,
2015-01-07 14:58:09,2015-01-07 15:12:55,3,4.39,15.5,0.0,16.3,Cash,,
2015-01-07 14:58:10,2015-01-07 15:24:07,1,3.37,18.0,3.6,22.4,Credit card,,
2015-01-07 14:58:10,2015-01-07 15:16:03,1,1.53,12.0,2.4,15.2,Credit card,,
2015-01-07 14:58:10,2015-01-07 15:16:36,6,11.4,31.5,6.3,38.6,Credit card,,
2015-01-07 14:58:11,2015-01-07 15:07:44,2,1.46,8.0,0.0,8.8,Cash,,
2015-01-07 14:58:11,2015-01-07 15:06:51,1,1.25,7.5,0.0,8.3,Cash,,
2015-01-07 14:58:11,2015-01-07 15:03:10,2,1.3,6.5,0.0,7.3,Cash,,
2015-01-07 14:58:11,2015-01-07 15:00:50,2,0.69,4.0,0.8,5.6,Credit card,,
2015-01-07 14:58:12,2015-01-07 15:04:45,2,0.96,6.5,0.0,7.3,Cash,,
2015-01-07 14:58:12,2015-01-07 15:14:02,2,2.05,12.0,3.6,16.4,Credit card,,
2015-01-07 14:58:13,2015-01-07 15:03:08,1,0.72,5.5,0.6,6.9,Credit card,,
2015-01-07 14:58:14,2015-01-07 15:11:26,1,2.32,11.0,0.0,11.8,Cash,,
2015-01-07 14:58:14,2015-01-07 15:25:01,1,3.4,17.5,0.0,18.3,Cash,,
2015-01-07 14:58:14,2015-01-07 15:06:56,1,1.56,8.0,0.7,9.5,Credit card,,
2015-01-15 09:46:59,2015-01-15 09:57:44,1,3.1,11.5,0.0,12.3,Cash,,
2015-01-15 09:46:59,2015-01-15 09:56:44,1,0.8,7.5,1.0,9.3,Credit card,,
2015-01-15 09:46:59,2015-01-15 10:27:34,1,9.5,34.0,0.0,34.8,Cash,,
2015-01-15 09:47:00,2015-01-15 10:00:07,1,1.0,10.0,0.0,10.8,Cash,,
2015-01-15 09:47:00,2015-01-15 09:50:43,1,0.4,4.5,1.0,6.3,Credit card,,
2015-01-15 09:47:02,2015-01-15 10:17:47,3,8.3,27.5,10.0,43.63,Credit card,,
2015-01-15 09:47:02,2015-01-15 10:01:48,1,1.1,10.0,0.0,10.8,Cash,,
2015-01-15 09:47:02,2015-01-15 10:14:12,2,2.2,16.5,3.46,20.76,Credit card,,
2015-01-15 09:47:03,2015-01-15 09:57:10,1,0.7,7.5,0.0,8.3,Cash,,
2015-01-15 09:47:03,2015-01-15 09:53:04,3,0.8,6.0,1.36,8.16,Credit card,,
2015-01-15 09:47:03,2015-01-15 09:51:15,1,1.1,5.5,1.26,7.56,Credit card,,
2015-01-15 09:47:04,2015-01-15 10:02:36,1,1.4,10.5,2.25,13.55,Credit card,,
2015-01-15 09:47:04,2015-01-15 10:00:56,2,1.6,10.0,2.15,12.95,Credit card,,
2015-01-15 09:47:05,2015-01-15 09:52:25,1,0.6,5.5,1.25,7.55,Credit card,,
2015-01-15 09:47:05,2015-01-15 09:53:18,1,0.7,5.5,0.0,6.3,Cash,,
2015-01-15 09:47:05,2015-01-15 09:48:54,1,0.5,3.5,1.0,5.0,Credit card,,
2015-01-15 09:47:05,2015-01-15 09:51:23,1,0.9,5.5,1.0,7.3,Credit card,,
2015-01-15 09:47:06,2015-01-15 09:55:23,1,1.6,8.0,0.0,8.8,Cash,,
2015-01-15 09:47:06,2015-01-15 10:01:35,2,6.9,21.0,6.5,28.3,Credit card,,
2015-01-15 09:47:07,2015-01-15 09:55:25,1,0.7,7.0,2.3,10.1,Credit card,,
2015-01-15 09:47:07,2015-01-15 10:08:50,1,2.9,15.0,0.0,15.8,Cash,,
2015-01-15 09:47:07,2015-01-15 09:54:05,1,1.0,6.0,0.0,6.8,Cash,,
2015-01-15 09:47:07,2015-01-15 09:56:05,1,1.6,8.5,0.0,9.3,Cash,,
2015-01-20 22:49:09,2015-01-20 23:12:38,1,6.4,22.0,4.0,27.3,Credit card,,
2015-01-20 22:49:09,2015-01-20 22:57:07,1,2.0,8.5,0.0,9.8,Cash,,
2015-01-20 22:49:10,2015-01-20 23:01:46,3,2.4,11.0,0.0,12.3,Cash,,
2015-01-20 22:49:10,2015-01-20 23:02:20,1,2.6,12.0,1.5,14.8,Credit card,,
2015-01-20 22:49:11,2015-01-20 22:59:36,2,1.3,8.0,1.85,11.15,Credit card,,
2015-01-20 22:49:11,2015-01-20 23:16:03,1,16.3,45.0,11.57,57.87,Credit card,,
2015-01-20 22:49:11,2015-01-20 23:00:44,1,2.3,10.5,0.0,11.8,Cash,,
2015-01-20 22:49:11,2015-01-20 22:58:46,1,3.5,12.5,2.0,15.8,Credit card,,
2015-01-20 22:49:11,2015-01-20 22:58:29,1,2.7,10.0,2.25,13.55,Credit card,,
2015-01-20 22:49:11,2015-01-20 22:53:12,1,0.8,5.5,1.0,7.8,Credit card,,
2015-01-20 22:49:11,2015-01-20 23:07:20,1,3.7,15.5,1.0,17.8,Credit card,,
2015-01-20 22:49:11,2015-01-20 23:11:58,2,6.4,22.0,5.8,29.1,Credit card,,
2015-01-20 22:49:12,2015-01-20 22:54:54,1,1.1,6.0,1.0,8.3,Credit card,,
2015-01-20 22:49:12,2015-01-20 22:54:48,1,0.9,6.5,1.55,9.35,Credit card,,
2015-01-20 22:49:12,2015-01-20 23:05:18,1,5.6,18.0,3.85,23.15,Credit card,,
2015-01-20 22:49:12,2015-01-20 22:57:35,1,2.2,9.0,2.57,12.87,Credit card,,
2015-01-20 22:49:13,2015-01-20 22:57:16,1,1.0,7.0,1.65,9.95,Credit card,,
2015-01-20 22:49:13,2015-01-20 23:08:12,2,3.5,16.0,3.46,20.76,Credit card,,
2015-01-20 22:49:14,2015-01-20 22:56:46,1,2.3,9.0,1.0,11.3,Credit card,,
2015-01-20 22:49:14,2015-01-20 23:14:16,1,6.4,23.0,0.0,24.3,Cash,,
2015-01-20 22:49:14,2015-01-20 22:53:43,1,0.8,5.0,1.26,7.56,Credit card,,
2015-01-20 22:49:14,2015-01-20 22:56:49,1,1.7,7.5,0.0,8.8,Cash,,
2015-01-26 13:04:14,2015-01-26 13:10:11,1,0.9,6.0,1.35,8.15,Credit card,,
2015-01-26 13:04:15,2015-01-26 13:24:05,1,3.5,16.0,4.2,21.0,Credit card,,
2015-01-26 13:04:15,2015-01-26 13:40:37,1,5.7,25.0,5.16,30.96,Credit card,,
2015-01-26 13:04:15,2015-01-26 13:19:39,1,2.0,11.5,0.0,12.3,Cash,,
2015-01-26 13:04:16,2015-01-26 13:25:12,1,3.2,16.0,0.0,16.8,Cash,,
2015-01-26 13:04:16,2015-01-26 13:09:47,1,0.6,5.5,0.0,6.3,Cash,,
2015-01-26 13:04:17,2015-01-26 13:06:58,1,0.6,4.0,0.95,5.75,Credit card,,
2015-01-26 13:04:18,2015-01-26 13:15:21,1,2.1,9.5,1.0,11.3,Credit card,,
2015-01-26 13:04:18,2015-01-26 13:09:25,1,1.1,6.0,0.0,6.8,Cash,,
2015-01-26 13:04:19,2015-01-26 13:09:05,1,0.8,5.0,1.15,6.95,Credit card,,
2015-01-26 13:04:19,2015-01-26 13:18:32,1,1.8,10.5,0.0,11.3,Cash,,
2015-01-26 13:04:19,2015-01-26 13:11:52,1,1.4,7.5,1.65,9.95,Credit card,,
2015-01-26 13:04:20,2015-01-26 13:13:51,1,1.5,8.0,2.6,11.4,Credit card,,
2015-01-26 13:04:20,2015-01-26 13:13:34,1,1.6,8.0,1.75,10.55,Credit card,,
2015-01-26 13:04:20,2015-01-26 13:19:25,2,1.8,11.0,2.35,14.15,Credit card,,
2015-01-26 13:04:21,2015-01-26 13:35:19,1,4.9,21.0,3.0,24.8,Credit card,,
2015-01-26 13:04:21,2015-01-26 13:07:10,1,0.7,4.5,0.0,5.3,Cash,,
2015-01-26 13:04:22,2015-01-26 13:12:13,1,1.2,7.5,2.05,10.35,Credit card,,
2015-01-26 13:04:22,2015-01-26 13:11:32,1,0.8,6.0,0.0,6.8,No charge,,
2015-01-26 13:04:23,2015-01-26 13:06:27,1,0.7,4.0,0.96,5.76,Credit card,,
2015-01-26 13:04:24,2015-01-26 13:12:06,1,0.8,6.5,1.45,8.75,Credit card,,
2015-01-26 13:04:24,2015-01-26 13:10:50,1,1.1,6.5,1.45,8.75,Credit card,,
2015-01-20 23:08:11,2015-01-20 23:23:57,1,4.7,15.5,2.0,18.8,Credit card,,
2015-01-20 23:08:11,2015-01-20 23:12:34,1,1.0,6.0,0.0,7.3,Cash,,
2015-01-20 23:08:11,2015-01-20 23:34:45,3,3.7,19.5,0.0,20.8,Cash,,
2015-01-20 23:08:11,2015-01-20 23:17:09,1,1.5,8.5,1.0,10.8,Credit card,,
2015-01-20 23:08:12,2015-01-20 23:12:16,1,0.5,4.5,1.15,6.95,Credit card,,
2015-01-20 23:08:12,2015-01-20 23:15:27,2,1.5,7.5,1.76,10.56,Credit card,,
2015-01-20 23:08:12,2015-01-20 23:12:16,1,1.2,5.5,1.35,8.15,Credit card,,
2015-01-20 23:08:12,2015-01-20 23:35:47,1,11.8,35.0,10.85,47.15,Credit card,,
2015-01-20 23:08:13,2015-01-20 23:12:51,1,0.6,5.0,1.25,7.55,Credit card,,
2015-01-20 23:08:13,2015-01-20 23:14:51,1,1.5,7.5,2.64,11.44,Credit card,,
2015-01-20 23:08:13,2015-01-20 23:14:04,1,1.2,6.5,1.0,8.8,Credit card,,
2015-01-20 23:08:14,2015-01-20 23:20:02,1,2.4,10.5,2.0,13.8,Credit card,,
2015-01-20 23:08:14,2015-01-20 23:14:51,1,1.7,7.5,1.0,9.8,Credit card,,
2015-01-20 23:08:14,2015-01-20 23:33:40,1,4.9,20.0,2.0,23.3,Credit card,,
2015-01-20 23:08:14,2015-01-20 23:16:11,1,1.3,7.5,1.0,9.8,Credit card,,
2015-01-20 23:08:15,2015-01-20 23:21:42,1,3.8,14.0,4.1,24.73,Credit card,,
2015-01-20 23:08:15,2015-01-20 23:18:10,1,2.3,9.5,0.0,10.8,Cash,,
2015-01-20 23:08:16,2015-01-20 23:18:56,1,2.3,10.0,0.0,11.3,Cash,,
2015-01-20 23:08:16,2015-01-20 23:23:56,1,3.9,15.0,3.25,19.55,Credit card,,
2015-01-20 23:08:16,2015-01-20 23:13:26,1,1.3,6.5,1.95,9.75,Credit card,,
2015-01-20 23:08:16,2015-01-20 23:35:12,1,20.1,54.0,0.0,55.3,Cash,,
2015-01-20 23:08:17,2015-01-20 23:22:36,1,3.0,12.5,2.75,16.55,Credit card,,
2015-01-26 13:17:53,2015-01-26 13:47:37,2,5.0,21.5,0.0,22.3,Cash,,
2015-01-26 13:17:53,2015-01-26 13:21:53,1,0.7,4.5,0.0,5.3,Cash,,
2015-01-26 13:17:53,2015-01-26 13:25:50,1,0.8,6.5,1.45,8.75,Credit card,,
2015-01-26 13:17:54,2015-01-26 13:28:47,1,2.1,9.5,2.06,12.36,Credit card,,
2015-01-26 13:17:54,2015-01-26 13:54:00,1,7.5,28.0,5.75,34.55,Credit card,,
2015-01-26 13:17:54,2015-01-26 13:26:55,1,1.7,8.0,0.0,8.8,Cash,,
2015-01-26 13:17:54,2015-01-26 13:25:11,1,0.5,6.0,0.0,6.8,Credit card,,
2015-01-26 13:17:55,2015-01-26 13:35:24,1,2.0,11.5,3.69,15.99,Credit card,,
2015-01-26 13:17:55,2015-01-26 13:25:38,1,1.1,6.5,1.0,8.3,Credit card,,
2015-01-26 13:17:55,2015-01-26 13:31:11,1,1.4,9.5,3.05,13.35,Credit card,,
2015-01-26 13:17:56,2015-01-26 13:28:58,1,1.9,9.0,0.0,9.8,Cash,,
2015-01-26 13:17:56,2015-01-26 13:26:42,1,1.2,7.5,2.0,10.3,Credit card,,
2015-01-26 13:17:56,2015-01-26 13:27:14,1,1.4,8.0,1.75,10.55,Credit card,,
2015-01-26 13:17:57,2015-01-26 13:25:13,1,1.0,6.5,1.46,8.76,Credit card,,
2015-01-26 13:17:57,2015-01-26 13:32:15,2,2.2,11.0,0.0,11.8,Cash,,
2015-01-26 13:17:57,2015-01-26 13:26:55,1,1.6,8.0,0.0,8.8,Cash,,
2015-01-26 13:17:58,2015-01-26 13:29:15,1,1.4,8.5,1.85,11.15,Credit card,,
2015-01-26 13:17:58,2015-01-26 13:20:29,1,0.5,4.0,1.0,5.8,Credit card,,
2015-01-26 13:17:59,2015-01-26 13:34:33,1,3.4,14.0,0.0,14.8,Cash,,
2015-01-26 13:18:00,2015-01-26 13:24:05,1,1.1,6.0,0.0,6.8,Cash,,
2015-01-26 13:18:00,2015-01-26 13:30:03,1,1.8,9.5,0.0,10.3,Cash,,
2015-01-26 13:18:01,2015-01-26 13:35:16,1,2.5,13.0,4.0,17.8,Credit card,,
2015-01-18 19:49:26,2015-01-18 20:00:26,3,3.8,13.5,1.15,15.45,Credit card,,
2015-01-18 19:49:26,2015-01-18 19:57:02,1,0.88,6.5,0.0,7.3,Cash,,
2015-01-18 19:49:26,2015-01-18 20:05:06,1,4.5,16.0,3.2,20.0,Credit card,,
2015-01-18 19:49:26,2015-01-18 20:01:39,1,6.08,18.5,3.7,23.0,Credit card,,
2015-01-18 19:49:26,2015-01-18 19:54:44,1,1.34,6.5,1.3,8.6,Credit card,,
2015-01-18 19:49:27,2015-01-18 19:59:51,6,1.81,9.0,2.25,12.05,Credit card,,
2015-01-18 19:49:27,2015-01-18 19:58:46,1,1.96,8.5,2.12,11.42,Credit card,,
2015-01-18 19:49:27,2015-01-18 20:04:37,5,2.33,12.0,2.4,15.2,Credit card,,
2015-01-18 19:49:28,2015-01-18 19:56:40,1,1.22,7.0,0.0,7.8,Cash,,
2015-01-18 19:49:28,2015-01-18 20:19:36,1,18.36,49.5,9.9,60.2,Credit card,,
2015-01-18 19:49:29,2015-01-18 20:10:39,1,5.24,19.0,3.8,23.6,Credit card,,
2015-01-18 19:49:29,2015-01-18 20:06:54,6,3.54,15.0,3.0,18.8,Credit card,,
2015-01-18 19:49:29,2015-01-18 20:00:50,5,1.85,9.5,0.0,10.3,Cash,,
2015-01-18 19:49:29,2015-01-18 19:52:49,1,0.6,4.5,1.0,6.8,Credit card,,
2015-01-18 19:49:30,2015-01-18 19:56:44,6,1.26,7.0,0.0,7.8,Cash,,
2015-01-18 19:49:31,2015-01-18 20:01:51,2,2.47,11.0,3.3,15.1,Credit card,,
2015-01-18 19:49:31,2015-01-18 20:08:02,6,4.0,16.0,3.2,20.0,Credit card,,
2015-01-18 19:49:31,2015-01-18 20:06:06,1,4.97,18.0,3.6,22.4,Credit card,,
2015-01-18 19:49:31,2015-01-18 19:59:48,1,1.62,8.5,0.7,10.0,Credit card,,
2015-01-18 19:49:31,2015-01-18 20:03:55,5,3.12,13.5,2.7,17.0,Credit card,,
2015-01-18 19:49:32,2015-01-18 19:57:37,1,2.04,8.5,0.7,10.0,Credit card,,
2015-01-06 10:02:18,2015-01-06 10:19:11,2,1.16,11.0,2.2,14.0,Credit card,,
2015-01-06 10:02:18,2015-01-06 10:28:45,2,2.36,16.0,4.0,20.8,Credit card,,
2015-01-06 10:02:18,2015-01-06 10:31:54,1,6.13,23.5,0.0,29.63,Cash,,
2015-01-06 10:02:18,2015-01-06 10:14:06,1,1.3,8.5,0.0,9.3,Cash,,
2015-01-06 10:02:19,2015-01-06 10:09:54,1,0.79,6.5,1.3,8.6,Credit card,,
2015-01-06 10:02:19,2015-01-06 10:11:08,1,0.94,7.0,0.0,7.8,Cash,,
2015-01-06 10:02:20,2015-01-06 10:27:04,1,2.23,15.0,0.0,15.8,Cash,,
2015-01-06 10:02:20,2015-01-06 10:06:17,1,0.66,4.5,1.0,6.3,Credit card,,
2015-01-06 10:02:20,2015-01-06 10:47:51,1,19.7,56.0,0.0,56.8,Cash,,
2015-01-06 10:02:21,2015-01-06 10:13:53,1,0.75,8.0,1.0,9.8,Credit card,,
2015-01-06 10:02:21,2015-01-06 10:14:31,1,1.12,8.5,1.7,11.0,Credit card,,
2015-01-06 10:02:21,2015-01-06 10:07:37,1,1.02,5.5,1.0,7.3,Credit card,,
2015-01-06 10:02:22,2015-01-06 10:12:00,2,0.6,7.0,2.1,9.9,Credit card,,
2015-01-06 10:02:23,2015-01-06 10:08:19,1,0.61,5.5,0.0,6.3,Cash,,
2015-01-06 10:02:23,2015-01-06 10:15:38,3,1.34,9.5,0.0,10.3,Cash,,
2015-01-06 10:02:23,2015-01-06 10:16:21,1,3.38,13.0,0.0,13.8,Cash,,
2015-01-06 10:02:24,2015-01-06 10:17:02,1,1.36,10.0,1.0,11.8,Credit card,,
2015-01-06 10:02:25,2015-01-06 10:08:48,6,0.77,6.0,1.0,7.8,Credit card,,
2015-01-08 16:23:59,2015-01-08 16:30:54,1,0.84,6.0,1.4,9.2,Credit card,,
2015-01-17 23:39:53,2015-01-18 00:01:22,2,5.4,19.5,4.16,24.96,Credit card,,
2015-01-17 23:39:54,2015-01-17 23:59:27,2,3.1,15.5,3.35,20.15,Credit card,,
2015-01-17 23:39:54,2015-01-17 23:49:24,3,2.0,8.5,1.95,11.75,Credit card,,
2015-01-17 23:39:55,2015-01-18 00:02:29,4,4.7,18.5,0.0,19.8,Cash,,
2015-01-17 23:39:55,2015-01-17 23:44:47,1,1.0,5.5,2.04,8.84,Credit card,,
2015-01-17 23:39:55,2015-01-17 23:49:46,2,2.0,9.5,0.0,10.8,Cash,,
2015-01-17 23:39:55,2015-01-17 23:43:11,1,0.4,4.0,1.06,6.36,Credit card,,
2015-01-17 23:39:56,2015-01-17 23:43:09,1,1.1,5.0,0.0,6.3,Cash,,
2015-01-17 23:39:56,2015-01-17 23:59:22,1,3.1,15.0,4.07,20.37,Credit card,,
2015-01-17 23:39:56,2015-01-18 00:09:58,1,15.5,44.0,11.32,56.62,Credit card,,
2015-01-17 23:39:57,2015-01-17 23:43:57,1,0.6,4.5,1.15,6.95,Credit card,,
2015-01-17 23:39:57,2015-01-17 23:47:56,3,1.6,8.0,1.85,11.15,Credit card,,
2015-01-17 23:39:57,2015-01-17 23:57:48,2,5.3,18.5,0.0,19.8,Cash,,
2015-01-17 23:39:58,2015-01-18 00:10:08,3,12.3,37.0,6.0,44.3,Credit card,,
2015-01-08 16:24:00,2015-01-08 16:35:14,1,1.91,10.0,0.0,11.8,Cash,,
2015-01-08 16:24:00,2015-01-08 16:33:53,1,2.46,10.0,2.75,14.55,Credit card,,
2015-01-08 16:24:00,2015-01-08 16:37:12,1,1.67,10.0,2.2,14.0,Credit card,,
2015-01-08 16:24:00,2015-01-08 16:40:33,1,3.2,13.0,3.0,17.8,Credit card,,
2015-01-08 16:24:00,2015-01-08 16:36:34,1,0.53,8.5,1.9,12.2,Credit card,,
2015-01-08 16:24:00,2015-01-08 16:36:47,1,1.88,10.0,2.2,14.0,Credit card,,
2015-01-08 16:24:00,2015-01-08 16:32:01,2,1.33,7.5,1.7,11.0,Credit card,,
2015-01-08 16:24:00,2015-01-08 16:41:39,1,2.88,13.5,0.0,15.3,Credit card,,
2015-01-08 16:24:00,2015-01-08 16:33:11,1,1.54,8.0,0.0,9.8,Cash,,
2015-01-08 16:24:01,2015-01-08 16:57:08,1,1.13,19.0,4.0,24.8,Credit card,,
2015-01-08 16:24:01,2015-01-08 16:32:56,1,0.85,7.0,1.6,10.4,Credit card,,
2015-01-08 16:24:01,2015-01-08 16:48:20,1,4.77,20.0,0.0,21.8,Cash,,
2015-01-08 16:24:01,2015-01-08 16:37:52,2,1.7,10.5,1.5,13.8,Credit card,,
2015-01-08 16:24:01,2015-01-08 16:37:10,1,1.29,9.0,0.0,10.8,Cash,,
2015-01-08 16:24:01,2015-01-08 16:36:03,1,2.2,10.0,0.0,11.8,Credit card,,
2015-01-08 16:24:02,2015-01-08 16:50:53,1,8.75,28.5,6.97,42.6,Credit card,,
2015-01-08 16:24:02,2015-01-08 16:30:51,1,1.28,6.5,0.0,8.3,Cash,,
2015-01-08 16:24:02,2015-01-08 16:37:24,5,4.54,15.5,2.75,20.05,Credit card,,
2015-01-08 16:24:03,2015-01-08 16:44:42,1,3.26,15.0,3.2,20.0,Credit card,,
2015-01-08 16:24:04,2015-01-08 16:29:26,2,1.14,6.0,1.4,9.2,Credit card,,
2015-01-28 21:50:16,2015-01-28 22:00:10,5,1.6,8.5,0.0,9.8,Cash,,
2015-01-21 00:53:22,2015-01-21 01:05:29,1,4.6,15.0,2.0,18.3,Credit card,,
2015-01-28 21:50:16,2015-01-28 22:09:25,1,5.1,18.0,3.86,23.16,Credit card,,
2015-01-28 21:50:17,2015-01-28 21:55:29,1,0.86,5.5,1.0,7.8,Credit card,,
2015-01-28 21:50:17,2015-01-28 21:50:20,1,0.08,50.0,0.0,50.8,Credit card,,
2015-01-28 21:50:17,2015-01-28 21:56:12,4,1.39,7.0,1.66,9.96,Credit card,,
2015-01-28 21:50:18,2015-01-28 21:53:25,5,1.32,5.5,1.36,8.16,Credit card,,
2015-01-28 21:50:18,2015-01-28 22:17:41,2,6.76,24.0,4.9,30.2,Credit card,,
2015-01-28 21:50:18,2015-01-28 22:11:18,1,8.62,26.0,0.0,32.63,Cash,,
2015-01-28 21:50:18,2015-01-28 22:07:54,1,3.8,15.0,3.1,19.4,Credit card,,
2015-01-28 21:50:18,2015-01-28 22:00:24,1,1.65,8.5,1.8,11.6,Credit card,,
2015-01-28 21:50:18,2015-01-28 22:04:26,1,3.16,12.5,0.0,13.8,Cash,,
2015-01-28 21:50:18,2015-01-28 22:04:00,1,3.52,13.5,2.0,16.8,Credit card,,
2015-01-28 21:50:19,2015-01-28 21:56:05,1,0.72,5.5,0.0,6.8,Cash,,
2015-01-28 21:50:19,2015-01-28 22:06:55,1,4.65,17.5,3.76,22.56,Credit card,,
2015-01-28 21:50:19,2015-01-28 21:59:10,1,1.48,8.0,1.0,10.3,Credit card,,
2015-01-28 21:50:20,2015-01-28 22:11:30,1,5.56,20.0,4.26,25.56,Credit card,,
2015-01-28 21:50:20,2015-01-28 21:58:16,1,1.69,7.5,1.76,10.56,Credit card,,
2015-01-28 21:50:21,2015-01-28 21:57:45,1,1.69,7.5,0.0,8.8,Cash,,
2015-01-28 21:50:21,2015-01-28 21:58:48,5,1.26,7.5,0.0,8.8,Cash,,
2015-01-28 21:50:22,2015-01-28 22:12:44,5,8.86,27.0,5.66,33.96,Credit card,,
2015-01-28 21:50:22,2015-01-28 22:05:41,1,3.97,14.0,4.35,19.65,Credit card,,
2015-01-28 21:50:23,2015-01-28 21:58:17,1,1.96,8.5,1.96,11.76,Credit card,,
2015-01-01 01:08:55,2015-01-01 01:19:20,5,0.96,8.0,0.0,9.3,Cash,,
2015-01-01 01:08:55,2015-01-01 01:35:20,1,5.78,23.0,4.7,29.0,Credit card,,
2015-01-01 01:08:55,2015-01-01 01:20:15,1,1.71,9.5,2.5,13.3,Credit card,,
2015-01-01 01:08:55,2015-01-01 01:28:44,6,5.53,19.5,4.0,24.8,Credit card,,
2015-01-01 01:08:55,2015-01-01 01:50:14,2,7.07,30.0,0.0,31.3,Cash,,
2015-01-01 01:08:56,2015-01-01 01:19:50,5,2.3,10.0,3.0,14.3,Credit card,,
2015-01-01 01:08:56,2015-01-01 01:27:57,1,6.0,18.7,6.0,26.0,Credit card,,
2015-01-01 01:08:56,2015-01-01 01:59:34,2,7.2,34.5,0.0,35.8,Cash,,
2015-01-01 01:08:56,2015-01-01 01:22:59,1,4.0,14.5,3.0,18.8,Credit card,,
2015-01-01 01:08:56,2015-01-01 01:19:40,3,2.1,9.5,3.2,14.0,Credit card,,
2015-01-01 01:08:56,2015-01-01 01:08:56,4,0.0,20.0,0.0,21.3,Cash,,
2015-01-01 01:08:56,2015-01-01 01:23:23,1,3.04,12.5,2.6,16.4,Credit card,,
2015-01-01 01:08:56,2015-01-01 01:13:57,6,0.59,5.0,1.1,7.4,Credit card,,
2015-01-01 01:08:56,2015-01-01 01:12:58,6,0.87,5.0,0.0,6.3,Cash,,
2015-01-01 01:08:56,2015-01-01 01:32:33,1,3.67,17.0,3.5,21.8,Credit card,,
2015-01-01 01:08:56,2015-01-01 01:12:57,5,0.77,5.0,0.0,6.3,Credit card,,
2015-01-01 01:08:56,2015-01-01 01:18:58,6,2.35,10.0,1.25,12.55,Credit card,,
2015-01-01 01:08:56,2015-01-01 01:15:56,1,1.68,7.5,1.6,10.4,Credit card,,
2015-01-01 01:08:56,2015-01-01 01:14:51,4,0.88,6.0,0.0,7.3,Cash,,
2015-01-01 01:08:57,2015-01-01 01:23:23,2,2.1,11.5,0.0,12.8,Cash,,
2015-01-01 01:08:57,2015-01-01 01:17:08,2,1.2,7.0,0.0,8.3,Cash,,
2015-01-01 01:08:57,2015-01-01 01:31:03,1,4.2,17.7,3.0,22.0,Credit card,,
2015-01-01 05:29:47,2015-01-01 05:42:08,2,3.27,12.5,0.0,13.8,Cash,,
2015-01-01 05:29:47,2015-01-01 05:49:54,1,8.88,26.5,6.75,34.55,Credit card,,
2015-01-01 05:29:48,2015-01-01 05:37:10,1,2.7,9.5,2.15,12.95,Credit card,,
2015-01-01 05:29:48,2015-01-01 05:31:12,1,0.41,3.5,1.0,5.8,Credit card,,
2015-01-01 05:29:48,2015-01-01 05:34:47,2,1.29,6.5,1.4,9.2,Credit card,,
2015-01-01 05:29:48,2015-01-01 05:46:49,1,2.49,12.0,0.0,13.3,Cash,,
2015-01-01 05:29:48,2015-01-01 05:43:17,2,6.57,20.5,0.0,21.8,Cash,,
2015-01-01 05:29:49,2015-01-01 05:46:29,1,4.1,16.0,3.45,20.75,Credit card,,
2015-01-01 05:29:49,2015-01-01 05:31:50,2,0.6,4.0,0.0,5.3,Cash,,
2015-01-01 05:29:49,2015-01-01 05:38:09,1,1.52,8.0,0.0,9.3,Cash,,
2015-01-01 05:29:49,2015-01-01 05:36:47,2,0.99,6.5,0.0,7.8,Credit card,,
2015-01-01 05:29:50,2015-01-01 05:48:55,1,3.6,15.5,0.0,16.8,Credit card,,
2015-01-01 05:29:50,2015-01-01 05:54:13,1,17.46,64.0,1.0,81.8,Credit card,,
2015-01-01 05:29:50,2015-01-01 05:31:15,1,0.35,3.5,0.0,4.8,Cash,,
2015-01-01 05:29:50,2015-01-01 05:35:46,1,1.56,7.0,0.0,8.3,Cash,,
2015-01-01 05:29:50,2015-01-01 05:44:28,1,3.0,13.0,0.0,14.3,Cash,,
2015-01-01 05:29:50,2015-01-01 05:50:45,3,7.47,24.0,0.0,25.3,Cash,,
2015-01-01 05:29:51,2015-01-01 05:35:03,1,0.75,5.5,0.0,6.8,Cash,,
2015-01-01 05:29:51,2015-01-01 05:43:35,5,6.88,21.0,4.3,26.6,Credit card,,
2015-01-01 05:29:52,2015-01-01 05:36:04,1,1.8,7.5,2.2,11.0,Credit card,,
2015-01-01 05:29:52,2015-01-01 05:38:00,1,1.6,7.7,1.8,10.8,Credit card,,
2015-01-01 05:29:52,2015-01-01 05:34:16,5,0.8,5.5,0.0,6.8,Cash,,
2015-01-28 10:49:54,2015-01-28 10:55:48,1,0.7,5.5,0.0,6.3,Cash,,
2015-01-28 10:49:55,2015-01-28 10:57:37,1,0.8,6.5,0.0,7.3,Cash,,
2015-01-28 10:49:55,2015-01-28 10:57:22,1,1.5,7.5,1.65,9.95,Credit card,,
2015-01-28 10:49:56,2015-01-28 11:21:17,1,3.3,20.0,4.15,24.95,Credit card,,
2015-01-28 10:49:56,2015-01-28 11:05:09,1,2.2,11.5,1.5,13.8,Credit card,,
2015-01-28 10:49:57,2015-01-28 11:00:46,1,1.0,8.0,0.0,8.8,Cash,,
2015-01-28 10:49:57,2015-01-28 10:52:36,1,0.4,4.0,1.2,6.0,Credit card,,
2015-01-28 10:49:58,2015-01-28 10:57:55,1,0.8,6.5,1.45,8.75,Credit card,,
2015-01-28 10:50:00,2015-01-28 11:02:15,1,1.6,9.5,1.7,12.0,Credit card,,
2015-01-28 10:50:00,2015-01-28 11:02:54,1,1.7,10.0,2.15,12.95,Credit card,,
2015-01-28 10:50:01,2015-01-28 10:55:55,1,0.6,5.5,0.0,6.3,Cash,,
2015-01-28 10:50:01,2015-01-28 11:28:06,3,17.5,52.0,0.0,58.13,Cash,,
2015-01-28 10:50:02,2015-01-28 11:04:18,1,1.6,10.0,0.0,10.8,Cash,,
2015-01-28 10:50:02,2015-01-28 10:55:45,1,0.4,5.0,1.0,6.8,Credit card,,
2015-01-28 10:50:02,2015-01-28 11:08:32,1,3.2,14.5,0.0,15.3,Cash,,
2015-01-28 10:50:03,2015-01-28 10:52:38,1,0.3,4.0,0.95,5.75,Credit card,,
2015-01-28 10:50:04,2015-01-28 11:06:44,2,2.3,12.0,2.55,15.35,Credit card,,
2015-01-28 10:50:04,2015-01-28 11:14:48,1,18.0,48.5,5.0,59.63,Credit card,,
2015-01-28 10:50:05,2015-01-28 10:54:37,1,0.6,5.0,1.45,7.25,Credit card,,
2015-01-28 10:50:05,2015-01-28 11:13:48,1,7.0,24.0,6.2,31.0,Credit card,,
2015-01-28 10:50:05,2015-01-28 11:00:32,1,1.2,8.0,1.75,10.55,Credit card,,
2015-01-28 10:50:05,2015-01-28 11:19:52,2,7.2,26.0,0.0,26.8,Cash,,
2015-01-07 19:57:52,2015-01-07 20:14:20,1,7.0,22.0,2.0,25.8,Credit card,,
2015-01-07 19:57:52,2015-01-07 20:26:08,1,6.9,25.0,6.7,33.5,Credit card,,
2015-01-07 19:57:52,2015-01-07 20:06:17,1,1.1,7.0,1.5,10.3,Credit card,,
2015-01-07 19:57:52,2015-01-07 20:13:20,2,7.5,22.0,4.0,27.3,Credit card,,
2015-01-07 19:57:52,2015-01-07 20:18:24,1,3.2,15.0,2.0,18.3,Credit card,,
2015-01-07 19:57:52,2015-01-07 20:06:42,1,1.1,7.5,1.75,10.55,Credit card,,
2015-01-07 19:57:53,2015-01-07 20:13:17,1,3.5,13.5,3.05,18.35,Credit card,,
2015-01-07 19:57:53,2015-01-07 20:20:37,2,2.8,16.5,2.0,20.3,Credit card,,
2015-01-07 19:57:53,2015-01-07 20:22:04,1,5.0,19.5,5.3,26.6,Credit card,,
2015-01-07 19:57:53,2015-01-07 20:01:44,1,0.5,4.5,1.0,7.3,Credit card,,
2015-01-07 19:57:53,2015-01-07 20:00:36,1,0.5,4.0,1.0,6.3,Credit card,,
2015-01-07 19:57:54,2015-01-07 20:08:07,1,2.4,10.0,0.0,11.8,Cash,,
2015-01-07 19:57:54,2015-01-07 20:13:24,1,3.7,14.0,1.5,17.3,Credit card,,
2015-01-07 19:57:54,2015-01-07 20:04:26,1,0.8,6.0,0.0,7.8,Cash,,
2015-01-07 19:57:55,2015-01-07 20:03:51,1,1.1,6.0,0.0,7.8,Cash,,
2015-01-07 19:57:55,2015-01-07 20:11:50,1,2.1,10.5,2.0,14.3,Credit card,,
2015-01-07 19:57:55,2015-01-07 20:04:55,1,1.2,6.5,2.07,10.37,Credit card,,
2015-01-07 19:57:55,2015-01-07 20:01:39,4,0.4,4.5,0.0,6.3,Cash,,
2015-01-07 19:57:55,2015-01-07 20:04:39,1,1.0,6.5,1.0,8.8,Credit card,,
2015-01-07 19:57:56,2015-01-07 20:08:43,2,1.3,8.0,2.45,12.25,Credit card,,
2015-01-07 19:57:56,2015-01-07 20:22:30,1,5.2,20.0,0.0,21.8,Cash,,
2015-01-07 19:57:56,2015-01-07 20:05:44,1,1.0,7.0,1.65,9.95,Credit card,,
2015-01-23 16:51:34,2015-01-23 17:19:19,4,6.8,24.0,0.0,25.8,Cash,,
2015-01-23 16:51:35,2015-01-23 16:53:44,1,0.4,4.0,0.0,5.8,Cash,,
2015-01-23 16:51:35,2015-01-23 16:55:32,1,1.1,5.5,1.2,8.5,Credit card,,
2015-01-23 16:51:35,2015-01-23 17:00:11,1,0.8,7.0,1.75,10.55,Credit card,,
2015-01-23 16:51:36,2015-01-23 17:05:19,1,1.8,10.5,3.0,15.3,Credit card,,
2015-01-23 16:51:36,2015-01-23 17:50:15,1,9.3,39.0,0.0,40.8,Cash,,
2015-01-23 16:51:36,2015-01-23 17:04:39,1,2.9,12.0,2.75,16.55,Credit card,,
2015-01-23 16:51:37,2015-01-23 17:01:46,1,1.3,8.5,0.0,10.3,Cash,,
2015-01-23 16:51:38,2015-01-23 16:59:47,1,0.6,6.5,2.45,10.75,Credit card,,
2015-01-23 16:51:38,2015-01-23 17:25:53,1,13.4,38.0,13.5,58.63,Credit card,,
2015-01-23 16:51:38,2015-01-23 16:57:37,3,0.4,5.5,1.45,8.75,Credit card,,
2015-01-23 16:51:39,2015-01-23 17:06:49,2,2.0,11.0,2.55,15.35,Credit card,,
2015-01-23 16:51:39,2015-01-23 16:58:05,1,1.3,7.0,0.5,9.3,Credit card,,
2015-01-23 16:51:40,2015-01-23 17:04:08,1,1.7,10.0,1.0,12.8,Credit card,,
2015-01-23 16:51:40,2015-01-23 17:04:11,2,1.7,10.0,2.0,13.8,Credit card,,
2015-01-23 16:51:40,2015-01-23 16:58:49,1,0.6,6.5,0.0,8.3,Cash,,
2015-01-23 16:51:41,2015-01-23 17:00:54,1,1.4,8.0,0.0,9.8,Cash,,
2015-01-23 16:51:42,2015-01-23 17:09:10,1,1.8,12.0,0.0,13.8,Cash,,
2015-01-23 16:51:43,2015-01-23 17:10:13,1,2.3,13.5,1.0,16.3,Credit card,,
2015-01-23 16:51:43,2015-01-23 16:59:00,1,1.3,7.0,1.76,10.56,Credit card,,
2015-01-23 16:51:43,2015-01-23 17:09:09,1,2.3,13.0,2.96,17.76,Credit card,,
2015-01-23 16:51:44,2015-01-23 16:56:52,1,0.6,5.0,0.0,6.8,Cash,,
2015-01-07 20:09:37,2015-01-07 20:14:40,1,0.8,5.5,0.0,6.8,Credit card,,
2015-01-07 20:09:37,2015-01-07 20:27:38,1,10.2,29.5,0.0,33.24,Cash,,
2015-01-07 20:09:37,2015-01-07 20:27:03,1,4.5,16.0,3.46,20.76,Credit card,,
2015-01-07 20:09:37,2015-01-07 20:32:07,1,6.9,23.0,4.85,29.15,Credit card,,
2015-01-07 20:09:37,2015-01-07 20:24:00,1,2.8,12.5,2.75,16.55,Credit card,,
2015-01-07 20:09:37,2015-01-07 20:24:49,1,1.5,11.0,0.0,12.3,Cash,,
2015-01-07 20:09:38,2015-01-07 20:19:25,1,1.4,8.0,1.0,10.3,Credit card,,
2015-01-07 20:09:38,2015-01-07 20:25:41,1,3.6,14.5,3.0,18.8,Credit card,,
2015-01-07 20:09:38,2015-01-07 20:18:26,1,3.2,11.0,0.0,12.3,Cash,,
2015-01-07 20:09:39,2015-01-07 20:20:47,1,2.1,10.0,2.25,13.55,Credit card,,
2015-01-07 20:09:39,2015-01-07 20:33:01,1,8.0,26.0,6.8,34.1,Credit card,,
2015-01-07 20:09:39,2015-01-07 20:25:25,1,6.9,21.5,4.11,26.91,Credit card,,
2015-01-07 20:09:39,2015-01-07 20:12:32,1,0.5,4.0,0.0,5.3,Cash,,
2015-01-07 20:09:39,2015-01-07 20:29:48,1,4.3,16.5,0.0,17.8,Cash,,
2015-01-07 20:09:40,2015-01-07 20:17:53,1,1.4,7.5,0.0,8.8,Cash,,
2015-01-07 20:09:40,2015-01-07 20:18:21,1,1.0,7.0,1.66,9.96,Credit card,,
2015-01-07 20:09:41,2015-01-07 20:14:42,1,0.7,5.0,1.25,7.55,Credit card,,
2015-01-07 20:09:41,2015-01-07 20:19:30,3,1.6,8.5,0.0,9.8,Cash,,
2015-01-07 20:09:41,2015-01-07 20:19:54,1,1.9,9.5,0.0,10.8,Cash,,
2015-01-07 20:09:41,2015-01-07 20:19:54,1,2.1,9.5,0.0,10.8,Cash,,
2015-01-07 20:09:42,2015-01-07 20:26:53,1,3.1,14.5,3.15,18.95,Credit card,,
2015-01-07 20:09:42,2015-01-07 20:17:38,1,1.0,7.0,0.0,8.3,Cash,,
2015-01-10 19:12:21,2015-01-10 19:16:04,2,0.6,4.5,1.7,7.0,Credit card,,
2015-01-10 19:12:21,2015-01-10 19:19:59,1,0.4,6.0,0.0,6.8,Cash,,
2015-01-10 19:12:22,2015-01-10 19:28:03,1,5.3,17.5,3.65,21.95,Credit card,,
2015-01-10 19:12:22,2015-01-10 19:31:40,1,2.4,13.0,1.0,14.8,Credit card,,
2015-01-10 19:12:22,2015-01-10 19:18:20,1,1.0,6.0,0.0,6.8,Credit card,,
2015-01-10 19:12:22,2015-01-10 19:23:36,1,2.1,10.0,0.0,10.8,Cash,,
2015-01-10 19:12:23,2015-01-10 19:29:56,4,1.3,11.5,2.45,14.75,Credit card,,
2015-01-10 19:12:23,2015-01-10 19:18:03,1,0.8,5.5,1.0,7.3,Credit card,,
2015-01-10 19:12:23,2015-01-10 19:32:33,1,2.4,13.5,3.55,17.85,Credit card,,
2015-01-10 19:12:23,2015-01-10 19:25:56,1,2.2,11.0,2.35,14.15,Credit card,,
2015-01-10 19:12:23,2015-01-10 19:14:33,1,0.6,4.0,0.0,4.8,Cash,,
2015-01-10 19:12:24,2015-01-10 19:17:30,1,1.0,6.0,0.82,7.62,Credit card,,
2015-01-10 19:12:24,2015-01-10 19:36:07,2,9.3,28.5,5.86,35.16,Credit card,,
2015-01-10 19:12:24,2015-01-10 19:33:51,2,3.8,17.0,2.0,19.8,Credit card,,
2015-01-10 19:12:24,2015-01-10 19:26:57,1,3.3,13.0,0.0,13.8,Cash,,
2015-01-10 19:12:24,2015-01-10 19:24:16,1,1.1,8.0,0.0,8.8,Cash,,
2015-01-10 19:12:25,2015-01-10 19:27:36,2,2.1,11.0,2.95,14.75,Credit card,,
2015-01-10 19:12:25,2015-01-10 19:21:06,1,1.5,8.0,1.23,10.03,Credit card,,
2015-01-10 19:12:25,2015-01-10 19:19:59,1,1.0,7.0,0.0,7.8,Cash,,
2015-01-10 19:12:26,2015-01-10 19:30:04,1,3.3,14.5,3.06,18.36,Credit card,,
2015-01-29 17:41:06,2015-01-29 18:36:11,1,11.04,43.0,7.0,57.13,Credit card,,
2015-01-10 20:56:32,2015-01-10 21:11:04,2,1.9,11.0,2.45,14.75,Credit card,,
2015-01-29 17:41:06,2015-01-29 18:01:13,1,2.65,14.0,3.16,18.96,Credit card,,
2015-01-29 17:41:06,2015-01-29 18:04:39,1,2.2,15.0,0.0,16.8,Cash,,
2015-01-29 17:41:06,2015-01-29 18:18:14,2,3.53,23.5,2.5,27.8,Credit card,,
2015-01-29 17:41:06,2015-01-29 17:52:59,1,0.99,8.5,2.58,12.88,Credit card,,
2015-01-29 17:41:07,2015-01-29 17:51:24,1,1.83,9.0,2.16,12.96,Credit card,,
2015-01-29 17:41:07,2015-01-29 17:50:32,1,1.56,8.0,0.0,9.8,Cash,,
2015-01-29 17:41:07,2015-01-29 18:00:46,1,1.99,13.5,3.82,19.12,Credit card,,
2015-01-29 17:41:07,2015-01-29 17:54:58,1,0.76,9.5,0.0,11.3,Cash,,
2015-01-29 17:41:08,2015-01-29 18:02:41,1,3.19,15.5,5.19,22.49,Credit card,,
2015-01-29 17:41:08,2015-01-29 17:50:21,1,2.24,9.0,0.0,10.8,Cash,,
2015-01-29 17:41:08,2015-01-29 17:57:12,3,1.5,11.0,3.84,16.64,Credit card,,
2015-01-29 17:41:09,2015-01-29 18:00:14,3,1.65,12.5,2.86,17.16,Credit card,,
2015-01-29 17:41:09,2015-01-29 17:58:11,1,2.39,12.0,0.0,13.8,Cash,,
2015-01-29 17:41:09,2015-01-29 18:04:23,2,2.28,14.5,0.0,16.3,Credit card,,
2015-01-29 17:41:09,2015-01-29 17:44:31,1,0.49,4.0,0.0,5.8,Cash,,
2015-01-29 17:41:09,2015-01-29 17:44:14,1,0.44,4.0,0.0,5.8,Cash,,
2015-01-04 13:44:54,2015-01-04 13:47:46,2,0.7,4.5,0.0,5.3,Credit card,,
2015-01-04 13:44:54,2015-01-04 13:58:41,1,2.66,11.5,0.0,12.3,Cash,,
2015-01-04 13:44:55,2015-01-04 13:47:26,1,0.6,4.0,0.0,4.8,Cash,,
2015-01-04 13:44:55,2015-01-04 13:54:32,1,2.2,9.5,2.05,12.35,Credit card,,
2015-01-04 13:44:55,2015-01-04 14:16:21,1,18.1,52.0,13.12,65.92,Credit card,,
2015-01-13 00:09:31,2015-01-13 00:19:04,1,2.74,10.5,2.2,14.0,Credit card,,
2015-01-13 00:09:32,2015-01-13 00:11:18,1,0.23,3.0,0.0,4.3,Cash,,
2015-01-13 00:09:32,2015-01-13 00:14:10,2,1.85,7.5,1.6,10.4,Credit card,,
2015-01-13 00:09:33,2015-01-13 00:14:03,1,1.33,6.0,1.62,8.92,Credit card,,
2015-01-13 00:09:33,2015-01-13 00:15:17,1,2.35,8.5,2.25,12.05,Credit card,,
2015-01-13 00:09:33,2015-01-13 00:31:09,2,16.76,52.0,11.47,69.6,Credit card,,
2015-01-13 00:09:34,2015-01-13 00:21:39,5,2.38,10.5,2.2,14.0,Credit card,,
2015-01-13 00:09:36,2015-01-13 00:20:02,3,1.5,8.0,2.12,11.42,Credit card,,
2015-01-13 00:09:36,2015-01-13 00:13:50,2,1.68,6.5,1.0,8.8,Credit card,,
2015-01-13 00:09:37,2015-01-13 00:13:41,1,0.97,5.5,1.0,7.8,Credit card,,
2015-01-13 00:09:38,2015-01-13 00:19:07,3,2.26,9.5,0.0,10.8,Cash,,
2015-01-13 00:09:39,2015-01-13 01:03:11,1,28.66,83.5,0.0,87.24,Cash,,
2015-01-13 00:09:39,2015-01-13 00:21:32,2,4.01,13.5,0.0,14.8,Credit card,,
2015-01-13 00:09:40,2015-01-13 00:31:38,1,9.3,28.5,5.8,35.6,Credit card,,
2015-01-13 00:09:40,2015-01-13 00:15:45,3,1.22,6.5,2.1,9.9,Credit card,,
2015-01-13 00:09:41,2015-01-13 00:20:14,1,5.73,17.5,0.0,18.8,Cash,,
2015-01-13 00:09:42,2015-01-13 00:19:57,1,2.88,10.5,2.2,14.0,Credit card,,
2015-01-13 00:09:42,2015-01-13 00:24:41,1,6.43,20.0,0.0,21.3,Cash,,
2015-01-13 00:09:42,2015-01-13 00:19:14,2,2.25,9.5,2.0,12.8,Credit card,,
2015-01-13 00:09:43,2015-01-13 00:24:08,6,5.69,17.5,4.5,23.3,Credit card,,
2015-01-13 00:09:43,2015-01-13 00:19:51,1,2.48,10.0,2.62,13.92,Credit card,,
2015-01-04 13:59:26,2015-01-04 14:02:06,1,0.51,4.0,0.0,4.8,Cash,,
2015-01-04 13:59:26,2015-01-04 14:26:05,6,5.05,21.0,0.0,21.8,Cash,,
2015-01-04 13:59:27,2015-01-04 14:06:42,3,1.2,7.0,0.0,7.8,Cash,,
2015-01-04 13:59:27,2015-01-04 14:05:53,2,1.16,6.5,1.3,8.6,Credit card,,
2015-01-04 13:59:27,2015-01-04 14:09:04,1,1.7,8.5,1.0,10.3,Credit card,,
2015-01-04 13:59:27,2015-01-04 14:10:02,1,1.12,8.0,1.6,10.4,Credit card,,
2015-01-04 13:59:27,2015-01-04 14:02:01,1,0.61,4.0,0.8,5.6,Credit card,,
2015-01-04 13:59:27,2015-01-04 14:06:45,3,1.87,8.0,0.0,8.8,Cash,,
2015-01-04 13:59:27,2015-01-04 14:26:42,2,5.82,23.0,0.0,23.8,Cash,,
2015-01-04 13:59:27,2015-01-04 14:03:27,1,0.93,5.0,1.0,6.8,Credit card,,
2015-01-04 13:59:27,2015-01-04 14:07:59,1,1.47,8.0,0.0,8.8,Cash,,
2015-01-04 13:59:28,2015-01-04 14:18:47,1,4.7,17.0,2.0,19.8,Credit card,,
2015-01-29 17:41:10,2015-01-29 17:52:21,2,1.26,8.5,2.06,12.36,Credit card,,
2015-01-29 17:41:10,2015-01-29 18:01:54,1,1.9,13.5,2.0,17.3,Credit card,,
2015-01-29 17:41:11,2015-01-29 17:58:49,2,1.87,12.5,2.7,17.0,Credit card,,
2015-01-29 17:41:11,2015-01-29 17:52:38,1,1.9,9.5,2.26,13.56,Credit card,,
2015-01-02 19:09:19,2015-01-02 19:17:00,1,2.36,9.0,0.0,10.8,Cash,,
2015-01-02 19:09:20,2015-01-02 19:30:47,1,4.5,18.5,0.0,20.3,Cash,,
2015-01-02 19:09:20,2015-01-02 19:14:54,2,0.7,5.5,1.45,8.75,Credit card,,
2015-01-02 19:09:20,2015-01-02 19:18:38,1,1.88,8.5,1.9,12.2,Credit card,,
2015-01-02 19:09:20,2015-01-02 19:16:00,1,1.95,7.5,0.0,9.3,Cash,,
2015-01-02 19:09:21,2015-01-02 19:24:01,1,2.4,11.7,2.7,16.2,Credit card,,
2015-01-02 19:09:21,2015-01-02 19:11:56,1,0.4,3.5,0.0,5.3,Cash,,
2015-01-02 19:09:21,2015-01-02 19:20:47,2,1.6,9.0,0.0,10.8,Cash,,
2015-01-02 19:09:21,2015-01-02 19:30:16,1,4.86,18.0,0.0,19.8,Cash,,
2015-01-02 19:09:21,2015-01-02 19:30:19,5,2.29,14.5,1.0,17.3,Credit card,,
2015-01-02 19:09:21,2015-01-02 19:13:59,2,1.3,6.0,1.0,8.8,Credit card,,
2015-01-02 19:09:22,2015-01-02 19:24:01,2,5.2,17.5,3.85,23.15,Credit card,,
2015-01-02 19:09:22,2015-01-02 19:25:11,1,8.5,24.5,6.3,37.93,Credit card,,
2015-01-02 19:09:22,2015-01-02 19:21:53,1,2.5,10.7,3.12,15.62,Credit card,,
2015-01-02 19:09:22,2015-01-02 19:14:12,6,0.95,5.5,1.3,8.6,Credit card,,
2015-01-02 19:09:23,2015-01-02 19:25:02,1,2.9,12.5,2.85,17.15,Credit card,,
2015-01-02 19:09:23,2015-01-02 19:20:09,1,1.7,8.7,1.0,11.5,Credit card,,
2015-01-02 19:09:23,2015-01-02 19:27:50,1,3.3,15.0,0.0,16.8,Cash,,
2015-01-02 19:09:23,2015-01-02 19:27:20,1,0.8,11.5,0.0,13.3,Cash,,
2015-01-02 19:09:23,2015-01-02 19:14:11,1,1.44,6.5,2.25,10.55,Credit card,,
2015-01-02 19:09:23,2015-01-02 19:16:34,1,1.29,58.0,11.6,70.4,Credit card,,
2015-01-02 19:09:23,2015-01-02 19:22:13,1,1.16,9.5,2.1,13.4,Credit card,,
2015-01-10 19:37:07,2015-01-10 19:43:09,1,1.0,6.0,1.36,8.16,Credit card,,
2015-01-10 19:37:07,2015-01-10 20:00:13,2,11.8,32.5,8.0,41.3,Credit card,,
2015-01-10 19:37:07,2015-01-10 19:48:17,1,3.3,12.5,0.0,13.3,Cash,,
2015-01-10 19:37:07,2015-01-10 19:40:09,1,0.9,5.0,1.0,6.8,Credit card,,
2015-01-10 19:37:07,2015-01-10 19:51:57,1,2.1,11.0,1.0,12.8,Credit card,,
2015-01-10 19:37:07,2015-01-10 19:45:51,1,1.2,7.5,1.65,9.95,Credit card,,
2015-01-10 19:37:08,2015-01-10 19:50:26,1,1.7,10.0,1.0,11.8,Credit card,,
2015-01-10 19:37:08,2015-01-10 20:00:58,1,2.2,15.5,4.07,20.37,Credit card,,
2015-01-10 19:37:09,2015-01-10 19:43:44,1,3.9,12.5,0.0,13.3,Cash,,
2015-01-10 19:37:09,2015-01-10 20:01:43,1,5.3,20.5,6.39,27.69,Credit card,,
2015-01-10 19:37:09,2015-01-10 19:54:00,1,3.0,13.0,1.0,14.8,Credit card,,
2015-01-10 19:37:09,2015-01-10 19:43:46,1,0.9,6.5,0.0,7.3,Cash,,
2015-01-10 19:37:09,2015-01-10 20:02:40,3,3.6,19.0,2.97,22.77,Credit card,,
2015-01-10 19:37:09,2015-01-10 19:43:05,1,1.0,6.0,1.35,8.15,Credit card,,
2015-01-10 19:37:10,2015-01-10 19:40:48,2,0.5,4.5,0.0,5.3,Cash,,
2015-01-10 19:37:10,2015-01-10 19:46:38,2,0.9,7.5,0.0,8.3,Cash,,
2015-01-10 19:37:10,2015-01-10 19:41:46,1,0.6,5.0,0.0,5.8,Cash,,
2015-01-10 19:37:11,2015-01-10 19:50:03,1,2.6,11.0,2.35,14.15,Credit card,,
2015-01-10 19:37:11,2015-01-10 19:45:17,4,0.6,6.5,1.45,8.75,Credit card,,
2015-01-10 19:37:12,2015-01-10 19:46:35,1,0.9,7.5,1.0,9.3,Credit card,,
2015-01-10 19:37:12,2015-01-10 19:47:11,1,1.1,8.0,1.0,9.8,Credit card,,
2015-01-10 19:37:13,2015-01-10 19:49:55,2,3.4,12.5,0.0,13.3,Cash,,
2015-01-25 17:45:12,2015-01-25 17:51:12,2,1.15,6.0,1.0,7.8,Credit card,,
2015-01-25 17:45:12,2015-01-25 17:50:58,1,0.84,6.0,0.0,6.8,Cash,,
2015-01-25 17:45:12,2015-01-25 17:48:41,2,0.97,5.0,1.25,7.05,Credit card,,
2015-01-25 17:45:13,2015-01-25 17:59:33,1,1.85,10.5,0.0,11.3,Cash,,
2015-01-25 17:45:13,2015-01-25 17:53:43,1,1.25,7.5,1.0,9.3,Credit card,,
2015-01-25 17:45:13,2015-01-25 17:49:31,3,0.85,5.0,1.16,6.96,Credit card,,
2015-01-25 17:45:14,2015-01-25 18:05:33,1,3.55,15.5,3.26,19.56,Credit card,,
2015-01-25 17:45:14,2015-01-25 17:49:54,1,1.01,5.5,1.58,7.88,Credit card,,
2015-01-25 17:45:15,2015-01-25 17:52:18,5,0.91,6.5,1.46,8.76,Credit card,,
2015-01-25 17:45:15,2015-01-25 18:03:52,1,3.09,15.0,3.16,18.96,Credit card,,
2015-01-25 17:45:15,2015-01-25 17:54:27,1,1.72,8.0,2.2,11.0,Credit card,,
2015-01-25 17:45:15,2015-01-25 17:45:21,1,0.0,52.0,20.0,72.8,Credit card,,
2015-01-25 17:45:16,2015-01-25 17:59:58,1,2.46,11.5,2.88,15.18,Credit card,,
2015-01-25 17:45:16,2015-01-25 17:55:23,2,2.23,9.5,1.0,11.3,Credit card,,
2015-01-25 17:45:16,2015-01-25 17:50:15,1,0.72,5.0,1.0,6.8,Credit card,,
2015-01-25 17:45:16,2015-01-25 17:57:41,1,1.84,10.0,0.0,10.8,Cash,,
2015-01-25 17:45:17,2015-01-25 17:47:09,1,0.65,4.0,0.96,5.76,Credit card,,
2015-01-25 17:45:17,2015-01-25 17:54:49,1,1.35,8.5,2.32,11.62,Credit card,,
2015-01-25 17:45:18,2015-01-25 18:02:23,1,6.41,19.5,0.0,20.3,Cash,,
2015-01-25 17:45:18,2015-01-25 17:55:26,1,1.31,8.5,0.0,9.3,Cash,,
2015-01-25 17:45:18,2015-01-25 17:47:03,1,0.6,4.0,0.0,4.8,Cash,,
2015-01-25 17:45:18,2015-01-25 18:00:26,1,2.43,12.5,0.0,13.3,Cash,,
2015-01-02 19:15:47,2015-01-02 19:20:45,3,0.83,5.5,0.0,7.3,Cash,,
2015-01-02 19:15:47,2015-01-02 19:32:54,1,2.87,12.5,0.0,14.3,Cash,,
2015-01-02 19:15:47,2015-01-02 19:21:22,1,0.9,6.0,0.0,7.5,Cash,,
2015-01-02 19:15:47,2015-01-02 19:25:49,1,2.21,10.0,2.2,14.0,Credit card,,
2015-01-02 19:15:48,2015-01-02 19:26:23,1,2.0,9.2,1.0,12.0,Credit card,,
2015-01-02 19:15:48,2015-01-02 19:54:16,1,2.8,23.5,0.0,25.3,Cash,,
2015-01-02 19:15:48,2015-01-02 19:30:33,1,1.7,11.0,3.2,16.0,Credit card,,
2015-01-02 19:15:48,2015-01-02 19:27:51,1,2.8,11.5,0.0,13.3,Cash,,
2015-01-02 19:15:48,2015-01-02 19:27:10,1,1.5,9.0,2.0,12.8,Credit card,,
2015-01-02 19:15:48,2015-01-02 19:19:53,1,0.4,4.5,1.58,7.88,Credit card,,
2015-01-02 19:15:48,2015-01-02 19:29:27,5,4.77,16.0,4.25,22.05,Credit card,,
2015-01-02 19:15:48,2015-01-02 19:28:42,1,2.18,10.5,2.88,15.18,Credit card,,
2015-01-02 19:15:48,2015-01-02 19:26:34,3,3.29,11.5,0.0,13.3,Cash,,
2015-01-02 19:15:48,2015-01-02 19:31:27,1,2.21,12.0,2.6,16.4,Credit card,,
2015-01-02 19:15:49,2015-01-02 19:23:50,1,1.0,7.0,0.0,8.8,Cash,,
2015-01-02 19:15:49,2015-01-02 19:26:24,1,1.2,8.5,0.0,10.3,Cash,,
2015-01-02 19:15:49,2015-01-02 19:20:50,2,1.3,6.5,2.0,10.3,Credit card,,
2015-01-02 19:15:49,2015-01-02 19:35:18,1,3.6,15.2,1.0,18.0,Credit card,,
2015-01-02 19:15:49,2015-01-02 19:20:54,1,1.4,6.5,0.0,8.3,Cash,,
2015-01-02 19:15:49,2015-01-02 19:27:41,1,1.2,8.5,2.05,12.35,Credit card,,
2015-01-02 19:15:49,2015-01-02 19:28:36,1,7.7,22.0,5.83,34.96,Credit card,,
2015-01-02 19:15:49,2015-01-02 19:24:11,1,1.26,7.5,0.0,9.3,Cash,,
2015-01-09 20:29:42,2015-01-09 20:38:31,6,0.91,7.0,0.0,8.3,Cash,,
2015-01-09 20:29:42,2015-01-09 20:35:56,1,1.49,7.0,2.25,10.55,Credit card,,
2015-01-09 20:29:43,2015-01-09 20:33:00,5,0.81,4.5,0.5,6.3,Credit card,,
2015-01-09 20:29:43,2015-01-09 20:40:18,1,2.18,9.5,0.0,10.8,Cash,,
2015-01-09 20:29:43,2015-01-09 20:34:46,1,2.53,8.5,2.25,12.05,Credit card,,
2015-01-09 20:29:43,2015-01-09 20:32:57,1,0.6,4.0,1.12,6.42,Credit card,,
2015-01-09 20:29:43,2015-01-09 20:52:08,1,7.31,24.0,0.0,25.3,Cash,,
2015-01-09 20:29:43,2015-01-09 20:42:54,1,2.71,11.5,1.0,13.8,Credit card,,
2015-01-09 20:29:44,2015-01-09 20:39:14,1,2.27,10.0,0.0,11.3,Cash,,
2015-01-09 20:29:44,2015-01-09 20:41:33,1,1.86,9.5,1.5,12.3,Credit card,,
2015-01-09 20:29:44,2015-01-09 20:38:51,2,0.5,7.0,0.0,8.3,Cash,,
2015-01-09 20:29:45,2015-01-09 20:34:54,1,0.76,5.5,0.0,6.8,Cash,,
2015-01-09 20:29:45,2015-01-09 20:52:07,1,9.9,29.0,0.0,30.3,Cash,,
2015-01-09 20:29:45,2015-01-09 20:42:00,1,3.2,11.5,2.4,15.2,Credit card,,
2015-01-09 20:29:45,2015-01-09 20:33:52,2,0.97,5.0,0.0,6.3,Cash,,
2015-01-09 20:29:45,2015-01-09 20:33:16,3,0.87,5.0,1.1,7.4,Credit card,,
2015-01-09 20:29:45,2015-01-09 20:47:06,1,2.68,13.0,2.7,17.0,Credit card,,
2015-01-09 20:29:46,2015-01-09 20:57:09,5,4.32,18.5,1.0,20.8,Credit card,,
2015-01-09 20:29:46,2015-01-09 20:56:55,1,10.59,32.5,7.67,46.8,Credit card,,
2015-01-09 20:29:46,2015-01-09 20:38:19,1,1.71,8.0,1.5,10.8,Credit card,,
2015-01-09 20:29:47,2015-01-09 20:42:05,1,3.61,12.5,2.6,16.4,Credit card,,
2015-01-23 09:45:30,2015-01-23 09:59:10,2,2.09,10.5,0.0,11.3,Cash,,
2015-01-23 09:45:30,2015-01-23 09:52:22,1,0.7,6.0,1.36,8.16,Credit card,,
2015-01-23 09:45:31,2015-01-23 10:05:31,1,4.26,17.0,2.0,19.8,Credit card,,
2015-01-23 09:45:31,2015-01-23 09:57:31,6,1.39,9.0,1.8,11.6,Credit card,,
2015-01-23 09:45:31,2015-01-23 09:58:13,1,1.46,9.5,0.0,10.3,Credit card,,
2015-01-23 09:45:31,2015-01-23 09:55:09,2,0.99,7.5,0.0,8.3,Cash,,
2015-01-23 09:45:32,2015-01-23 09:53:08,1,1.01,7.0,1.95,9.75,Credit card,,
2015-01-23 09:45:32,2015-01-23 10:01:40,6,1.89,12.0,0.0,12.8,Cash,,
2015-01-23 09:45:33,2015-01-23 10:00:37,1,1.37,10.5,0.0,11.3,Cash,,
2015-01-23 09:45:33,2015-01-23 09:50:49,1,1.69,7.0,0.0,7.8,Cash,,
2015-01-23 09:45:34,2015-01-23 09:51:00,2,1.12,6.0,1.2,8.0,Credit card,,
2015-01-23 09:45:34,2015-01-23 10:08:32,1,7.86,25.0,2.0,27.8,Credit card,,
2015-01-23 09:45:34,2015-01-23 09:56:47,1,0.79,8.0,2.2,11.0,Credit card,,
2015-01-23 09:45:34,2015-01-23 09:56:53,2,0.93,8.0,0.0,8.8,Cash,,
2015-01-23 09:45:35,2015-01-23 10:02:52,1,2.1,12.5,3.32,16.62,Credit card,,
2015-01-23 09:45:36,2015-01-23 09:55:29,1,1.25,8.0,0.0,8.8,Cash,,
2015-01-23 09:45:36,2015-01-23 09:52:54,1,0.72,6.5,0.0,7.3,Credit card,,
2015-01-23 09:45:36,2015-01-23 10:20:37,1,18.06,68.0,16.44,98.64,Credit card,,
2015-01-23 09:45:36,2015-01-23 10:13:01,1,10.3,30.0,0.0,36.13,Cash,,
2015-01-23 09:45:36,2015-01-23 09:52:05,1,0.77,6.0,1.7,8.5,Credit card,,
2015-01-23 09:45:36,2015-01-23 09:54:51,1,1.7,8.0,2.2,11.0,Credit card,,
2015-01-23 09:45:36,2015-01-23 09:50:35,1,1.27,6.0,0.0,6.8,Cash,,
2015-01-10 20:14:22,2015-01-10 20:26:49,1,2.1,10.5,2.35,14.15,Credit card,,
2015-01-10 20:14:22,2015-01-10 20:40:40,1,8.7,28.0,0.0,29.3,Cash,,
2015-01-10 20:14:23,2015-01-10 20:14:36,1,0.0,2.5,0.0,3.8,No charge,,
2015-01-10 20:14:23,2015-01-10 20:42:33,2,3.1,19.0,0.0,20.3,Cash,,
2015-01-10 20:14:23,2015-01-10 20:23:21,2,2.4,9.5,2.15,12.95,Credit card,,
2015-01-10 20:14:23,2015-01-10 20:47:05,1,5.4,24.5,6.45,32.25,Credit card,,
2015-01-10 20:14:24,2015-01-10 20:16:51,1,0.4,4.0,1.05,6.35,Credit card,,
2015-01-10 20:14:24,2015-01-10 20:29:16,3,2.1,11.5,1.0,13.8,Credit card,,
2015-01-10 20:14:24,2015-01-10 20:30:41,3,2.7,12.5,1.0,14.8,Credit card,,
2015-01-10 20:14:24,2015-01-10 20:23:21,2,2.2,9.5,1.0,11.8,Credit card,,
2015-01-10 20:14:24,2015-01-10 20:18:37,2,0.7,5.0,0.0,6.3,Cash,,
2015-01-10 20:14:24,2015-01-10 20:24:11,1,1.2,8.0,1.0,10.3,Credit card,,
2015-01-10 20:14:24,2015-01-10 20:27:39,3,1.1,9.5,2.15,12.95,Credit card,,
2015-01-10 20:14:25,2015-01-10 20:21:09,2,1.9,8.0,5.0,14.3,Credit card,,
2015-01-10 20:14:25,2015-01-10 20:21:53,2,0.8,6.5,1.95,9.75,Credit card,,
2015-01-10 20:14:25,2015-01-10 20:24:46,1,3.2,11.5,1.92,14.72,Credit card,,
2015-01-10 20:14:25,2015-01-10 20:16:04,1,0.5,3.5,0.0,4.8,Cash,,
2015-01-10 20:14:25,2015-01-10 20:19:21,1,1.5,7.0,1.6,9.9,Credit card,,
2015-01-10 20:14:25,2015-01-10 20:22:39,1,1.0,7.0,0.0,8.3,Cash,,
2015-01-10 20:14:25,2015-01-10 20:22:35,2,1.7,8.0,1.0,10.3,Credit card,,
2015-01-10 20:14:25,2015-01-10 20:26:15,1,2.7,11.5,2.55,15.35,Credit card,,
2015-01-10 20:14:25,2015-01-10 20:22:21,2,1.5,7.5,1.5,10.3,Credit card,,
2015-01-03 08:58:40,2015-01-03 09:01:35,1,0.61,4.5,0.0,5.3,Cash,,
2015-01-03 08:58:40,2015-01-03 09:14:09,2,4.41,15.5,3.1,19.4,Credit card,,
2015-01-03 08:58:41,2015-01-03 09:03:00,2,1.0,5.5,1.0,7.3,Credit card,,
2015-01-03 08:58:41,2015-01-03 09:03:39,1,1.0,5.5,1.8,8.1,Credit card,,
2015-01-03 08:58:41,2015-01-03 09:05:56,1,2.62,9.5,1.5,11.8,Credit card,,
2015-01-03 08:58:42,2015-01-03 09:11:07,1,2.9,12.0,0.0,12.8,Cash,,
2015-01-03 08:58:42,2015-01-03 09:00:12,1,0.3,3.5,0.0,4.3,Cash,,
2015-01-03 08:58:42,2015-01-03 09:05:04,1,2.04,8.0,1.6,10.4,Credit card,,
2015-01-03 08:58:42,2015-01-03 09:03:01,1,0.89,5.5,0.0,6.3,Cash,,
2015-01-03 08:58:42,2015-01-03 09:06:00,6,1.19,7.0,1.0,8.8,Credit card,,
2015-01-03 08:58:43,2015-01-03 09:03:41,2,0.6,5.5,0.0,6.3,Cash,,
2015-01-03 08:58:43,2015-01-03 09:10:36,1,3.0,12.5,0.0,13.3,Cash,,
2015-01-03 08:58:43,2015-01-03 09:18:03,1,5.6,19.0,2.0,21.8,Credit card,,
2015-01-03 08:58:43,2015-01-03 09:01:17,1,0.98,5.0,1.25,7.05,Credit card,,
2015-01-03 08:58:43,2015-01-03 09:24:02,1,11.21,33.5,0.0,34.3,Cash,,
2015-01-03 08:58:44,2015-01-03 09:19:31,2,10.8,31.0,0.0,37.13,Cash,,
2015-01-03 08:58:44,2015-01-03 09:04:29,1,1.2,6.5,0.0,7.3,Cash,,
2015-01-03 08:58:44,2015-01-03 09:22:01,1,12.2,34.5,3.0,43.63,Credit card,,
2015-01-03 08:58:45,2015-01-03 09:01:58,1,1.2,5.5,0.0,6.3,Cash,,
2015-01-03 08:58:45,2015-01-03 09:29:18,1,18.41,52.0,0.0,58.13,Cash,,
2015-01-03 08:58:46,2015-01-03 09:05:24,1,1.5,7.0,0.0,7.8,Cash,,
2015-01-03 08:58:46,2015-01-03 09:05:06,1,2.13,8.5,1.0,10.3,Credit card,,
2015-01-29 19:02:23,2015-01-29 19:12:21,1,1.31,8.0,0.0,9.8,Cash,,
2015-01-29 19:02:23,2015-01-29 19:22:53,2,5.78,20.5,0.0,22.3,Cash,,
2015-01-29 19:02:23,2015-01-29 19:14:05,1,1.29,8.5,0.0,10.3,Cash,,
2015-01-29 19:02:23,2015-01-29 19:25:12,3,3.54,16.0,0.0,17.8,Cash,,
2015-01-29 19:02:24,2015-01-29 19:09:15,4,0.87,6.0,1.0,8.8,Credit card,,
2015-01-29 19:02:24,2015-01-29 19:19:25,5,2.12,12.0,0.0,13.8,Cash,,
2015-01-29 19:02:24,2015-01-29 19:19:19,1,1.88,12.0,3.45,17.25,Credit card,,
2015-01-29 19:02:24,2015-01-29 19:15:39,1,1.89,10.5,0.0,12.3,Cash,,
2015-01-29 19:02:24,2015-01-29 19:22:42,2,2.72,14.0,3.95,19.75,Credit card,,
2015-01-29 19:02:24,2015-01-29 19:16:59,2,1.47,10.0,0.0,11.8,Cash,,
2015-01-29 19:02:25,2015-01-29 19:05:47,1,0.72,4.5,0.0,6.3,Cash,,
2015-01-29 19:02:25,2015-01-29 19:21:14,2,3.45,15.0,0.0,16.8,Cash,,
2015-01-29 19:02:25,2015-01-29 19:31:32,5,4.66,20.0,0.0,21.8,Cash,,
2015-01-29 19:02:26,2015-01-29 19:14:22,5,1.47,9.5,0.0,11.3,Cash,,
2015-01-29 19:02:26,2015-01-29 19:15:44,2,0.89,9.5,0.0,11.3,Cash,,
2015-01-29 19:02:26,2015-01-29 19:21:31,2,2.26,13.0,1.0,15.8,Credit card,,
2015-01-29 19:02:26,2015-01-29 19:11:30,1,1.28,7.5,1.2,10.5,Credit card,,
2015-01-29 19:02:26,2015-01-29 19:19:58,1,2.04,12.0,0.0,13.8,Cash,,
2015-01-29 19:02:26,2015-01-29 19:06:42,1,0.54,4.5,1.26,7.56,Credit card,,
2015-01-29 19:02:26,2015-01-29 19:07:58,5,0.62,5.5,0.0,7.3,Cash,,
2015-01-29 19:02:27,2015-01-29 19:21:49,6,1.68,12.5,1.0,15.3,Credit card,,
2015-01-29 19:02:27,2015-01-29 19:13:58,1,1.59,9.5,2.26,13.56,Credit card,,
2015-01-03 09:19:52,2015-01-03 09:30:04,1,2.5,10.5,0.0,11.3,Cash,,
2015-01-03 09:19:52,2015-01-03 09:21:22,2,0.5,3.5,0.8,5.1,Credit card,,
2015-01-03 09:19:52,2015-01-03 09:36:32,1,5.49,18.0,0.0,18.8,Cash,,
2015-01-03 09:19:52,2015-01-03 09:29:32,5,1.51,8.5,0.0,9.3,Cash,,
2015-01-03 09:19:53,2015-01-03 09:23:49,1,0.8,5.0,0.0,5.8,Cash,,
2015-01-03 09:19:53,2015-01-03 09:22:15,1,0.5,4.0,1.2,6.0,Credit card,,
2015-01-03 09:19:53,2015-01-03 09:27:02,1,1.1,7.0,2.0,9.8,Credit card,,
2015-01-03 09:19:53,2015-01-03 09:24:54,1,1.25,6.0,0.0,6.8,Cash,,
2015-01-03 09:19:53,2015-01-03 09:26:04,1,1.15,7.0,0.0,7.8,Cash,,
2015-01-03 09:19:54,2015-01-03 09:31:17,1,3.8,13.0,0.0,13.8,Cash,,
2015-01-03 09:19:54,2015-01-03 09:22:54,1,0.9,5.0,0.0,5.8,Cash,,
2015-01-03 09:19:54,2015-01-03 09:24:16,1,1.3,6.0,0.0,6.8,Cash,,
2015-01-03 09:19:54,2015-01-03 09:31:56,1,2.1,10.5,0.0,11.3,Cash,,
2015-01-03 09:19:54,2015-01-03 09:21:10,1,0.34,3.0,0.0,3.8,Cash,,
2015-01-03 09:19:54,2015-01-03 09:24:38,6,1.54,6.5,1.0,8.3,Credit card,,
2015-01-03 09:19:55,2015-01-03 09:28:11,1,2.9,10.5,2.25,13.55,Credit card,,
2015-01-03 09:19:55,2015-01-03 09:37:11,1,3.9,15.5,4.05,20.35,Credit card,,
2015-01-03 09:19:55,2015-01-03 09:28:36,1,1.6,8.5,0.0,9.3,Cash,,
2015-01-03 09:19:55,2015-01-03 09:22:25,1,0.5,4.0,0.0,4.8,Cash,,
2015-01-03 09:19:56,2015-01-03 09:31:03,1,2.5,11.0,0.0,11.8,Cash,,
2015-01-03 09:19:56,2015-01-03 09:40:21,1,9.38,27.5,0.0,33.63,Cash,,
2015-01-03 09:19:57,2015-01-03 09:22:54,1,0.7,4.5,0.0,5.3,Cash,,
2015-01-10 20:33:35,2015-01-10 20:50:04,1,3.5,15.0,0.0,16.3,Cash,,
2015-01-10 20:33:35,2015-01-10 20:43:55,2,1.8,9.0,2.06,12.36,Credit card,,
2015-01-10 20:33:35,2015-01-10 20:43:10,1,1.2,8.0,0.0,9.3,Cash,,
2015-01-10 20:33:35,2015-01-10 20:54:35,2,3.3,15.0,4.05,20.35,Credit card,,
2015-01-10 20:33:36,2015-01-10 20:47:27,2,2.1,11.5,2.0,14.8,Credit card,,
2015-01-10 20:33:36,2015-01-10 20:39:10,2,1.1,6.0,0.0,7.3,Cash,,
2015-01-10 20:33:36,2015-01-10 20:52:50,1,3.2,15.5,2.5,19.3,Credit card,,
2015-01-10 20:33:37,2015-01-10 20:57:22,1,4.6,19.5,1.58,22.38,Credit card,,
2015-01-18 13:05:08,2015-01-18 13:39:04,5,10.16,32.5,7.57,46.2,Credit card,,
2015-01-18 13:05:08,2015-01-18 13:21:24,1,3.09,13.5,0.0,14.3,Cash,,
2015-01-18 13:05:08,2015-01-18 13:16:17,1,2.29,10.0,1.0,11.8,Credit card,,
2015-01-18 13:05:08,2015-01-18 13:18:37,1,2.5,11.5,2.3,14.6,Credit card,,
2015-01-18 13:05:08,2015-01-18 13:18:07,1,3.3,13.0,0.0,13.8,Cash,,
2015-01-18 13:05:08,2015-01-18 13:12:56,1,1.25,7.5,0.0,8.3,Cash,,
2015-01-18 13:05:09,2015-01-18 13:08:54,1,0.71,5.0,1.0,6.8,Credit card,,
2015-01-18 13:05:09,2015-01-18 13:33:39,1,11.26,34.0,0.0,40.13,Cash,,
2015-01-18 13:05:09,2015-01-18 13:15:16,1,1.94,9.5,0.0,10.3,Cash,,
2015-01-18 13:05:10,2015-01-18 13:21:30,6,3.9,14.5,2.9,18.2,Credit card,,
2015-01-18 13:05:10,2015-01-18 13:17:55,1,1.66,10.0,2.0,12.8,Credit card,,
2015-01-18 13:05:10,2015-01-18 13:10:51,1,1.22,6.5,1.3,8.6,Credit card,,
2015-01-18 13:05:11,2015-01-18 13:09:29,1,0.63,4.5,0.0,5.3,Cash,,
2015-01-18 13:05:11,2015-01-18 13:10:02,1,1.3,6.0,1.5,8.3,Credit card,,
2015-01-18 13:05:11,2015-01-18 13:22:23,1,3.87,14.5,3.62,18.92,Credit card,,
2015-01-18 13:05:11,2015-01-18 13:23:40,1,3.23,15.0,3.0,18.8,Credit card,,
2015-01-18 13:05:11,2015-01-18 13:09:45,1,0.77,5.0,1.0,6.8,Credit card,,
2015-01-18 13:05:11,2015-01-18 13:10:54,1,1.03,5.5,0.0,6.3,Cash,,
2015-01-18 13:05:11,2015-01-18 13:22:51,1,3.24,14.0,2.8,17.6,Credit card,,
2015-01-18 13:05:11,2015-01-18 13:20:22,1,1.73,11.0,2.2,14.0,Credit card,,
2015-01-18 13:05:11,2015-01-18 13:07:02,1,0.39,3.5,0.0,4.3,Cash,,
2015-01-18 13:05:12,2015-01-18 13:12:23,1,1.32,7.0,1.4,9.2,Credit card,,
2015-01-10 20:56:27,2015-01-10 21:06:11,1,1.3,8.0,1.85,11.15,Credit card,,
2015-01-10 20:56:27,2015-01-10 21:00:26,1,0.7,4.5,0.0,5.8,Cash,,
2015-01-10 20:56:27,2015-01-10 21:07:45,1,1.6,9.5,0.0,10.8,Cash,,
2015-01-10 20:56:28,2015-01-10 21:08:53,1,5.1,16.5,0.0,17.8,Cash,,
2015-01-10 20:56:29,2015-01-10 21:16:49,1,3.7,15.5,1.0,17.8,Credit card,,
2015-01-10 20:56:29,2015-01-10 21:16:24,3,2.1,13.5,0.0,14.8,Cash,,
2015-01-10 20:56:29,2015-01-10 21:04:14,2,1.4,7.5,0.0,8.8,Cash,,
2015-01-10 20:56:29,2015-01-10 21:10:24,1,3.9,14.0,0.0,15.3,Cash,,
2015-01-10 20:56:29,2015-01-10 21:19:34,1,5.0,20.0,4.26,25.56,Credit card,,
2015-01-10 20:56:30,2015-01-10 21:11:01,2,1.9,10.5,0.0,11.8,Cash,,
2015-01-10 20:56:30,2015-01-10 20:58:26,1,0.3,3.5,1.5,6.3,Credit card,,
2015-01-10 20:56:30,2015-01-10 21:02:57,1,0.9,6.0,0.0,7.3,Cash,,
2015-01-10 20:56:30,2015-01-10 21:01:43,1,1.4,6.5,2.3,10.1,Credit card,,
2015-01-10 20:56:30,2015-01-10 21:04:13,1,0.8,6.5,1.95,9.75,Credit card,,
2015-01-10 20:56:30,2015-01-10 21:11:44,1,1.6,11.0,0.0,12.3,Cash,,
2015-01-10 20:56:30,2015-01-10 21:09:56,1,1.2,9.5,0.0,10.8,Cash,,
2015-01-10 20:56:31,2015-01-10 21:19:02,1,4.5,18.0,0.0,19.3,Cash,,
2015-01-10 20:56:31,2015-01-10 21:12:05,2,3.5,13.5,2.0,16.8,Credit card,,
2015-01-10 20:56:31,2015-01-10 21:02:02,4,0.9,6.0,1.0,8.3,Credit card,,
2015-01-10 20:56:32,2015-01-10 21:23:01,1,4.3,19.0,4.06,24.36,Credit card,,
2015-01-10 20:56:32,2015-01-10 21:04:00,1,0.9,6.5,0.0,7.8,Cash,,
2015-01-10 20:56:32,2015-01-10 21:04:11,1,1.4,7.0,0.0,8.3,Cash,,
2015-01-23 00:31:01,2015-01-23 00:37:19,1,2.66,9.0,2.06,12.36,Credit card,,
2015-01-23 00:31:01,2015-01-23 00:34:36,1,0.73,4.5,0.0,5.8,Cash,,
2015-01-23 00:31:01,2015-01-23 01:01:45,5,5.46,23.5,6.0,30.8,Credit card,,
2015-01-23 00:31:02,2015-01-23 00:59:06,1,7.46,26.0,5.46,32.76,Credit card,,
2015-01-23 00:31:02,2015-01-23 00:43:11,5,3.57,13.0,1.0,15.3,Credit card,,
2015-01-23 00:31:03,2015-01-23 00:38:08,3,1.96,8.0,1.7,11.0,Credit card,,
2015-01-23 00:31:03,2015-01-23 00:51:50,1,6.03,20.0,5.32,26.62,Credit card,,
2015-01-23 00:31:03,2015-01-23 00:31:56,1,0.42,3.5,0.0,4.8,Cash,,
2015-01-23 00:31:04,2015-01-23 00:57:15,3,6.41,22.5,0.0,23.8,Cash,,
2015-01-23 00:31:04,2015-01-23 00:36:15,1,1.16,6.0,1.82,9.12,Credit card,,
2015-01-23 00:31:04,2015-01-23 00:33:00,1,0.35,3.5,0.5,5.3,Credit card,,
2015-01-23 00:31:05,2015-01-23 00:38:23,1,1.97,8.0,0.0,9.3,Cash,,
2015-01-23 00:31:05,2015-01-23 00:32:47,1,0.56,4.0,1.06,6.36,Credit card,,
2015-01-23 00:31:05,2015-01-23 00:42:54,2,2.62,11.0,0.0,12.3,Cash,,
2015-01-23 00:31:05,2015-01-23 00:46:59,1,3.09,12.5,2.2,16.0,Credit card,,
2015-01-23 00:31:05,2015-01-23 00:36:22,1,1.44,6.5,0.0,7.8,Cash,,
2015-01-23 00:31:06,2015-01-23 00:49:00,1,2.21,13.0,0.0,14.3,Cash,,
2015-01-23 00:31:06,2015-01-23 00:43:13,3,2.64,11.0,2.3,14.6,Credit card,,
2015-01-23 00:31:08,2015-01-23 00:38:17,1,1.44,7.0,0.0,8.3,Cash,,
2015-01-23 00:31:08,2015-01-23 00:35:44,3,0.86,5.5,1.36,8.16,Credit card,,
2015-01-23 00:31:11,2015-01-23 00:41:25,2,2.5,11.0,0.0,12.3,Cash,,
2015-01-10 21:13:45,2015-01-10 21:27:43,1,1.3,10.0,3.0,14.3,Credit card,,
2015-01-10 22:53:23,2015-01-10 23:05:55,1,1.8,10.5,0.0,11.8,Cash,,
2015-01-10 22:53:23,2015-01-10 22:59:30,2,0.4,5.5,0.0,6.8,Cash,,
2015-01-10 22:53:24,2015-01-10 23:01:25,1,1.1,7.0,1.0,9.3,Credit card,,
2015-01-10 22:53:24,2015-01-10 23:06:54,1,2.9,12.5,2.5,16.3,Credit card,,
2015-01-10 22:53:24,2015-01-10 22:59:36,1,1.0,6.0,0.0,7.3,Cash,,
2015-01-10 22:53:24,2015-01-10 22:59:22,1,0.6,5.5,1.35,8.15,Credit card,,
2015-01-10 22:53:24,2015-01-10 23:03:47,1,1.7,8.5,1.0,10.8,Credit card,,
2015-01-17 19:33:06,2015-01-17 20:09:08,2,10.23,33.0,6.6,40.4,Credit card,,
2015-01-23 17:43:08,2015-01-23 18:00:17,1,3.4,14.0,0.0,15.8,Cash,,
2015-01-23 17:43:08,2015-01-23 17:43:31,1,0.0,2.5,0.0,4.3,No charge,,
2015-01-23 17:43:08,2015-01-23 17:52:23,1,0.7,7.5,0.0,9.3,Cash,,
2015-01-23 17:43:09,2015-01-23 18:18:03,1,5.3,23.5,5.05,30.35,Credit card,,
2015-01-23 17:43:09,2015-01-23 18:07:57,1,2.4,16.0,1.0,18.8,Credit card,,
2015-01-23 17:43:09,2015-01-23 17:47:39,1,0.7,5.0,1.0,7.8,Credit card,,
2015-01-23 17:43:09,2015-01-23 17:59:47,1,2.5,13.0,0.0,14.8,Cash,,
2015-01-23 17:43:09,2015-01-23 17:49:15,1,0.7,5.5,0.0,7.3,Cash,,
2015-01-23 17:43:10,2015-01-23 17:52:40,1,1.6,8.5,1.0,11.3,Credit card,,
2015-01-23 17:43:10,2015-01-23 17:48:30,1,1.2,6.0,0.0,7.8,Cash,,
2015-01-23 17:43:11,2015-01-23 17:50:59,1,0.9,6.5,2.07,10.37,Credit card,,
2015-01-23 17:43:13,2015-01-23 17:51:52,2,1.2,7.0,1.0,9.8,Credit card,,
2015-01-23 17:43:13,2015-01-23 17:51:03,1,0.9,6.5,1.65,9.95,Credit card,,
2015-01-23 17:43:13,2015-01-23 17:55:30,1,1.6,9.5,2.25,13.55,Credit card,,
2015-01-23 17:43:14,2015-01-23 17:49:17,1,0.9,6.0,0.0,7.8,Cash,,
2015-01-23 17:43:14,2015-01-23 18:05:26,1,1.8,14.0,3.15,18.95,Credit card,,
2015-01-23 17:43:14,2015-01-23 17:54:44,1,1.8,9.5,1.0,12.3,Credit card,,
2015-01-23 17:43:14,2015-01-23 17:53:00,1,2.0,9.0,0.0,10.8,Cash,,
2015-01-23 17:43:16,2015-01-23 17:57:03,3,2.9,12.5,0.0,14.3,Cash,,
2015-01-23 17:43:16,2015-01-23 17:49:10,4,0.9,6.0,0.0,7.8,Cash,,
2015-01-23 17:43:16,2015-01-23 18:25:37,1,8.2,34.0,0.0,41.13,Cash,,
2015-01-17 19:33:06,2015-01-17 19:47:50,1,2.55,12.0,2.4,15.2,Credit card,,
2015-01-17 19:33:07,2015-01-17 19:49:44,5,1.5,11.0,2.2,14.0,Credit card,,
2015-01-17 19:33:07,2015-01-17 19:42:00,1,3.47,12.0,0.0,12.8,Cash,,
2015-01-17 19:33:07,2015-01-17 19:45:39,1,3.85,14.0,2.8,17.6,Credit card,,
2015-01-17 19:33:08,2015-01-17 19:41:35,1,1.52,8.0,2.0,10.8,Credit card,,
2015-01-17 19:33:08,2015-01-17 19:35:53,3,0.66,4.5,0.0,5.3,Cash,,
2015-01-17 19:33:08,2015-01-17 19:50:32,1,7.77,29.5,0.0,30.3,Cash,,
2015-01-17 19:33:08,2015-01-17 19:56:59,1,7.81,24.5,6.12,31.42,Credit card,,
2015-01-17 19:33:08,2015-01-17 19:40:39,5,1.24,7.0,0.0,7.8,Cash,,
2015-01-17 19:33:08,2015-01-17 19:37:43,1,0.89,5.5,0.0,6.3,Cash,,
2015-01-17 19:33:08,2015-01-17 19:41:25,1,1.58,8.0,1.0,9.8,Credit card,,
2015-01-17 19:33:09,2015-01-17 19:41:11,1,1.13,7.0,3.0,10.8,Credit card,,
2015-01-17 19:33:09,2015-01-17 19:41:33,2,1.11,7.0,0.0,7.8,Cash,,
2015-01-17 19:33:09,2015-01-17 19:55:36,1,1.09,14.0,2.8,17.6,Credit card,,
2015-01-17 19:33:09,2015-01-17 19:46:30,6,2.3,11.5,0.0,12.3,Cash,,
2015-01-17 19:33:09,2015-01-17 19:38:13,1,1.21,6.0,0.0,6.8,Cash,,
2015-01-17 19:33:09,2015-01-17 19:36:46,1,0.65,4.5,0.0,5.3,Credit card,,
2015-01-17 19:33:10,2015-01-17 19:39:44,1,1.38,7.0,1.5,9.3,Credit card,,
2015-01-17 19:33:10,2015-01-17 19:48:46,1,2.57,12.5,0.0,13.3,Cash,,
2015-01-17 19:33:10,2015-01-17 19:57:07,1,7.52,24.5,2.53,27.83,Credit card,,
2015-01-17 19:33:10,2015-01-17 19:36:51,1,0.93,5.0,1.25,7.05,Credit card,,
2015-01-17 23:18:37,2015-01-17 23:38:43,1,5.2,19.5,1.0,21.8,Credit card,,
2015-01-17 23:18:38,2015-01-17 23:23:55,3,0.5,5.0,0.0,6.3,Cash,,
2015-01-17 23:18:38,2015-01-17 23:39:05,1,2.8,14.5,3.15,18.95,Credit card,,
2015-01-17 23:18:38,2015-01-17 23:28:34,1,1.2,8.0,0.0,9.3,Cash,,
2015-01-17 23:18:39,2015-01-17 23:31:31,1,5.6,17.5,0.0,18.8,Cash,,
2015-01-17 23:18:39,2015-01-17 23:30:29,1,1.1,9.0,2.06,12.36,Credit card,,
2015-01-17 23:18:39,2015-01-18 00:04:18,1,6.4,32.0,8.0,41.3,Credit card,,
2015-01-17 23:18:39,2015-01-17 23:30:32,1,4.9,16.0,0.0,17.3,Cash,,
2015-01-17 23:18:39,2015-01-17 23:57:04,2,7.6,29.5,6.16,36.96,Credit card,,
2015-01-17 23:18:39,2015-01-17 23:32:39,1,1.5,10.0,2.26,13.56,Credit card,,
2015-01-17 23:18:40,2015-01-17 23:32:40,2,3.5,13.5,1.5,16.3,Credit card,,
2015-01-17 23:18:41,2015-01-17 23:28:12,1,2.0,9.0,0.0,10.3,Cash,,
2015-01-17 23:18:41,2015-01-17 23:21:51,1,0.7,4.5,1.15,6.95,Credit card,,
2015-01-17 23:18:41,2015-01-17 23:33:31,1,2.1,11.5,2.55,15.35,Credit card,,
2015-01-17 23:18:41,2015-01-17 23:32:28,1,3.8,14.0,0.0,15.3,Cash,,
2015-01-17 23:18:41,2015-01-17 23:29:40,1,1.4,9.0,0.0,10.3,Cash,,
2015-01-17 23:18:42,2015-01-17 23:30:32,1,2.1,10.0,0.0,11.3,Cash,,
2015-01-17 23:18:42,2015-01-18 00:11:48,1,6.2,31.0,0.0,32.3,Cash,,
2015-01-17 23:18:42,2015-01-17 23:38:40,2,4.1,16.0,3.45,20.75,Credit card,,
2015-01-17 23:18:43,2015-01-17 23:25:17,1,0.7,6.0,0.0,7.3,Cash,,
2015-01-17 23:18:43,2015-01-17 23:28:15,2,1.7,8.5,1.95,11.75,Credit card,,
2015-01-17 23:18:43,2015-01-17 23:21:44,3,0.4,4.0,2.0,7.3,Credit card,,
2015-01-28 20:22:17,2015-01-28 20:29:31,1,1.4,7.0,1.5,9.8,Credit card,,
2015-01-28 20:22:17,2015-01-28 20:35:23,1,2.8,11.5,3.2,16.0,Credit card,,
2015-01-28 20:22:17,2015-01-28 20:23:36,1,0.0,3.0,0.0,4.3,No charge,,
2015-01-28 20:22:17,2015-01-28 20:27:23,1,0.8,5.5,0.0,6.8,Cash,,
2015-01-28 20:22:17,2015-01-28 20:37:19,2,2.4,12.0,0.0,13.3,Cash,,
2015-01-28 20:22:17,2015-01-28 20:35:43,3,2.1,10.5,2.35,14.15,Credit card,,
2015-01-28 20:22:18,2015-01-28 20:25:17,1,0.7,4.5,1.0,6.8,Credit card,,
2015-01-28 20:22:18,2015-01-28 20:40:02,1,2.7,13.0,3.55,17.85,Credit card,,
2015-01-28 20:22:18,2015-01-28 20:44:20,1,4.6,18.5,2.97,22.77,Credit card,,
2015-01-28 20:22:18,2015-01-28 20:32:28,1,1.8,8.5,1.2,11.0,Credit card,,
2015-01-28 20:22:18,2015-01-28 20:28:10,1,1.1,6.0,0.0,7.3,Cash,,
2015-01-28 20:22:19,2015-01-28 20:23:19,2,4.8,0.0,0.0,0.3,No charge,,
2015-01-28 20:22:19,2015-01-28 20:41:31,1,5.6,19.0,4.05,24.35,Credit card,,
2015-01-28 20:22:19,2015-01-28 20:47:44,1,4.8,20.5,3.0,24.8,Credit card,,
2015-01-28 20:22:19,2015-01-28 20:33:43,1,1.6,9.0,0.0,10.3,Cash,,
2015-01-28 20:22:19,2015-01-28 20:35:17,1,3.0,12.5,4.1,17.9,Credit card,,
2015-01-28 20:22:19,2015-01-28 20:28:50,1,0.8,6.0,0.0,7.3,Cash,,
2015-01-28 20:22:19,2015-01-28 20:32:57,1,1.3,8.5,0.0,9.8,Cash,,
2015-01-28 20:22:20,2015-01-28 20:31:22,1,1.1,7.5,0.0,9.3,Cash,,
2015-01-28 20:22:20,2015-01-28 20:59:13,2,11.5,37.0,8.7,52.33,Credit card,,
2015-01-28 20:22:21,2015-01-28 20:32:13,1,2.0,9.0,0.0,10.3,Cash,,
2015-01-28 20:22:22,2015-01-28 20:31:20,1,1.4,7.5,1.75,10.55,Credit card,,
2015-01-21 00:16:18,2015-01-21 00:29:20,1,3.8,13.5,1.0,15.8,Credit card,,
2015-01-21 00:16:19,2015-01-21 00:47:52,1,8.0,28.0,7.3,36.6,Credit card,,
2015-01-21 00:16:20,2015-01-21 00:34:03,1,10.5,29.5,10.0,40.8,Credit card,,
2015-01-21 00:16:21,2015-01-21 00:44:45,2,8.3,27.5,7.2,36.0,Credit card,,
2015-01-21 00:16:23,2015-01-21 00:25:23,1,1.8,8.5,2.45,12.25,Credit card,,
2015-01-21 00:16:23,2015-01-21 00:19:34,1,1.0,5.0,0.0,6.3,Cash,,
2015-01-21 00:16:24,2015-01-21 00:25:12,1,1.5,8.0,0.0,9.3,Cash,,
2015-01-21 00:16:25,2015-01-21 00:24:27,1,3.1,10.5,2.36,14.16,Credit card,,
2015-01-21 00:16:26,2015-01-21 00:55:37,2,7.8,32.5,6.75,40.55,Credit card,,
2015-01-21 00:16:27,2015-01-21 00:38:37,3,6.3,21.5,5.7,28.5,Credit card,,
2015-01-21 00:16:29,2015-01-21 00:20:50,1,0.7,5.0,0.0,6.3,Cash,,
2015-01-21 00:16:31,2015-01-21 00:19:01,1,0.6,4.0,0.0,5.3,Cash,,
2015-01-21 00:16:32,2015-01-21 00:42:59,1,6.4,23.5,4.96,29.76,Credit card,,
2015-01-21 00:16:33,2015-01-21 00:31:37,1,4.1,14.5,4.7,20.5,Credit card,,
2015-01-21 00:16:33,2015-01-21 00:20:45,3,1.5,6.5,0.0,7.8,Cash,,
2015-01-21 00:16:33,2015-01-21 00:20:13,1,0.7,4.5,1.16,6.96,Credit card,,
2015-01-21 00:16:33,2015-01-21 00:45:45,1,8.7,28.5,5.96,35.76,Credit card,,
2015-01-21 00:16:34,2015-01-21 00:28:49,1,3.3,13.0,2.86,17.16,Credit card,,
2015-01-21 00:16:34,2015-01-21 00:22:36,2,0.8,6.0,0.0,7.3,Cash,,
2015-01-21 00:16:35,2015-01-21 00:23:58,2,2.4,9.0,1.0,11.3,Credit card,,
2015-01-21 00:16:35,2015-01-21 00:32:16,1,4.3,15.5,4.2,21.0,Credit card,,
2015-01-21 00:16:35,2015-01-21 00:32:37,3,4.9,16.5,3.55,21.35,Credit card,,
2015-01-07 20:40:01,2015-01-07 20:44:06,2,0.7,5.0,1.0,7.3,Credit card,,
2015-01-07 20:40:01,2015-01-07 20:51:38,1,2.7,11.0,2.46,14.76,Credit card,,
2015-01-07 20:40:01,2015-01-07 21:00:11,3,3.9,17.0,3.66,21.96,Credit card,,
2015-01-07 20:40:01,2015-01-07 20:47:42,1,1.3,7.0,1.65,9.95,Credit card,,
2015-01-07 20:40:02,2015-01-07 20:46:07,1,1.6,7.0,2.45,10.75,Credit card,,
2015-01-07 20:40:02,2015-01-07 21:00:45,1,4.4,18.0,3.86,23.16,Credit card,,
2015-01-07 20:40:03,2015-01-07 20:49:16,1,1.8,9.0,0.0,10.3,Credit card,,
2015-01-07 20:40:03,2015-01-07 20:45:48,1,0.8,5.5,0.0,6.8,Cash,,
2015-01-07 20:40:03,2015-01-07 20:52:50,1,2.6,11.0,2.46,14.76,Credit card,,
2015-01-07 20:40:03,2015-01-07 20:48:28,1,1.2,7.5,1.0,9.8,Credit card,,
2015-01-07 20:40:04,2015-01-07 20:45:21,1,0.7,5.5,1.0,7.8,Credit card,,
2015-01-07 20:40:04,2015-01-07 20:42:07,1,0.3,3.5,0.95,5.75,Credit card,,
2015-01-07 20:40:04,2015-01-07 20:43:01,1,0.5,4.0,1.59,6.89,Credit card,,
2015-01-07 20:40:04,2015-01-07 21:02:43,2,4.2,17.5,2.0,20.8,Credit card,,
2015-01-07 20:40:04,2015-01-07 20:47:36,2,1.2,7.0,0.0,8.3,Cash,,
2015-01-07 20:40:05,2015-01-07 21:04:15,1,4.5,20.0,4.26,25.56,Credit card,,
